idx,asin
0,0007442920
1,0062267159
2,0062267175
3,006226768X
4,0062267728
5,0062267744
6,0062267884
7,0062267906
8,0062273248
9,0062273264
10,0062273280
11,0062289357
12,0062292129
13,0062294776
14,0062294784
15,0062299018
16,0062299271
17,006229931X
18,006230240X
19,0062302418
20,0062302426
21,0062304828
22,0062317458
23,0062326201
24,0062333038
25,0062351893
26,014219672X
27,0143124544
28,0263899403
29,030758836X
30,0316404381
31,0345544110
32,0345545834
33,0345545869
34,0345546601
35,034554661X
36,0345546628
37,0345546679
38,0345803493
39,0345803507
40,0373210493
41,0373210639
42,037321099X
43,0373211104
44,0373778287
45,0373778295
46,0373778376
47,0425263908
48,0425263916
49,0425263924
50,0425265951
51,042526596X
52,0425266516
53,0425266745
54,0425266869
55,0425267040
56,0425267067
57,0425267083
58,0425267806
59,0425267814
60,0425267822
61,0425269841
62,042526985X
63,0425269868
64,0425272346
65,0425272354
66,0425274462
67,0451216954
68,0451218043
69,0451239350
70,0451417054
71,0451419707
72,0451419715
73,0451466225
74,0451466233
75,0451466659
76,0451466667
77,0451466683
78,0451467965
79,0451467973
80,0451468279
81,0451468287
82,0451469402
83,0451470672
84,0473240610
85,0578122596
86,0578124114
87,0578125439
88,0578129965
89,0578133512
90,0578141809
91,0615429505
92,0615581927
93,0615608868
94,0615680046
95,061568677X
96,0615694403
97,0615741932
98,0615748996
99,0615752179
100,0615757375
101,0615764037
102,061576567X
103,0615766412
104,061577041X
105,0615771106
106,0615774237
107,0615782140
108,0615785824
109,0615788084
110,0615789684
111,061579615X
112,0615796982
113,0615803830
114,0615803873
115,0615810756
116,0615822762
117,0615822886
118,0615822991
119,0615826814
120,0615827446
121,0615827500
122,0615827837
123,0615836968
124,061583860X
125,0615840841
126,0615845517
127,0615849601
128,0615857272
129,0615859763
130,0615860788
131,0615860826
132,0615861326
133,0615868401
134,0615885438
135,0615887767
136,061589285X
137,0615894666
138,0615900305
139,0615910521
140,0615911684
141,0615913970
142,0615928854
143,0615974171
144,0692208879
145,0692221506
146,0751552615
147,0778313530
148,0778315703
149,0778316173
150,0804176663
151,0804176787
152,0804176809
153,0804176825
154,0957496168
155,0957680368
156,0981943667
157,0983157200
158,0983212546
159,0983593167
160,0983706352
161,0984887873
162,098488789X
163,0985008628
164,0985008660
165,0985008687
166,0985059133
167,0985059141
168,098505915X
169,0985059168
170,0985059176
171,0985817003
172,0985817089
173,0985817097
174,0985872586
175,0987526111
176,0987526154
177,0988264269
178,0988273608
179,0988273632
180,0988273683
181,0988301318
182,0988348268
183,0988489112
184,0988489171
185,0988489198
186,0988695103
187,0988695111
188,098869512X
189,098870742X
190,0988707470
191,0988707489
192,0988715805
193,098871583X
194,0988715880
195,0988742942
196,0988771373
197,098877139X
198,0988812517
199,0988812541
200,0989041697
201,0989104400
202,0989104427
203,0989104478
204,0989108155
205,0989108171
206,0989108198
207,0989117375
208,0989138607
209,0989138631
210,0989210987
211,0989246515
212,0989246531
213,0989247910
214,0989247953
215,0989247988
216,0989269833
217,0989269868
218,0989281000
219,0989283410
220,0989339211
221,0989339246
222,0989339270
223,0989339289
224,0989353656
225,0989373819
226,0989373827
227,0989373843
228,0989416402
229,0989416410
230,0989416429
231,0989416496
232,0989450201
233,0989450236
234,0989450252
235,0989465004
236,0989492508
237,0989492559
238,0989527417
239,0989598403
240,0989668401
241,0989713482
242,0989740617
243,0989740633
244,0989768406
245,0989769704
246,0989780716
247,0989825086
248,0991105419
249,0991127390
250,0991192818
251,0991309618
252,0991309634
253,0991309650
254,0991309693
255,0991379616
256,0991379632
257,0991379659
258,0991401115
259,0991426711
260,0991426738
261,0991587200
262,0991686004
263,099173274X
264,0991732766
265,0991841131
266,0991841174
267,0992106818
268,0992142202
269,0992466512
270,0993702325
271,0996053018
272,1250050367
273,125005236X
274,1250058236
275,140220521X
276,1402244428
277,1402245777
278,1402245831
279,1402245866
280,1402271514
281,1402284853
282,1419953249
283,1419953656
284,1419970291
285,144235948X
286,1442485256
287,1442485280
288,1442488603
289,1442488638
290,1442488662
291,1442488697
292,1451533969
293,1452645493
294,1452662673
295,1452663874
296,1452664935
297,1453720693
298,1455548987
299,1455549002
300,1455550833
301,1455557714
302,1455574449
303,1455574856
304,1455574880
305,145557631X
306,1455576506
307,1455578312
308,1455578347
309,1455578363
310,1455582689
311,1455599050
312,1455599085
313,1455599182
314,1455599204
315,1455599220
316,1455599247
317,1455599255
318,1455599271
319,1456527738
320,1461085977
321,146109111X
322,1462003907
323,1463695403
324,1466276983
325,1467943207
326,1467980757
327,1468112422
328,1468161660
329,1468187953
330,1469252317
331,1469905833
332,1469982781
333,1469982994
334,1469984016
335,1470077892
336,1470124327
337,1471133524
338,1471133567
339,1472211243
340,147500544X
341,1475102542
342,1475156456
343,1475181221
344,1475244207
345,1476712980
346,1476717516
347,1476717524
348,1476718202
349,1476718970
350,1476725365
351,147672721X
352,1476727228
353,1476730091
354,1476730601
355,1476730946
356,1476731535
357,1476732027
358,1476735247
359,1476735271
360,1476735603
361,1476740496
362,1476741182
363,1476741255
364,147674355X
365,1476744084
366,1476744106
367,1476744130
368,1476744904
369,1476744920
370,1476746532
371,1476751404
372,1476751803
373,1476752192
374,1476753164
375,1476754144
376,1476755094
377,1476755108
378,1476755590
379,1476755604
380,1476756503
381,147675652X
382,1476756546
383,1476759006
384,1476759529
385,1476760772
386,1476761779
387,1476763526
388,1476763607
389,1476763623
390,1476764468
391,1476764603
392,147677594X
393,1476776016
394,1476776040
395,1476783284
396,1477473971
397,1477571086
398,1477661875
399,1477665412
400,1477694919
401,1477805028
402,1477805052
403,1477808663
404,1477808671
405,1477817158
406,1477817182
407,1477817484
408,1477817492
409,1477817506
410,1477847103
411,1478132744
412,1478314605
413,1479103780
414,1479145211
415,1479218685
416,1479245712
417,1479318868
418,1479327573
419,1479333573
420,1479359084
421,1479372749
422,147937296X
423,1479390046
424,1479398772
425,1480008907
426,1480055549
427,1480074616
428,148008591X
429,1480089133
430,1480096954
431,1480114065
432,1480114480
433,1480125717
434,1480132705
435,1480138320
436,1480141283
437,1480170623
438,1480186120
439,1480213985
440,1480225649
441,1480226300
442,148023365X
443,1480264024
444,1480276855
445,1480278807
446,1480297275
447,1480529699
448,1480536466
449,1480568503
450,1481004379
451,1481025988
452,1481042440
453,1481058134
454,1481060139
455,1481060953
456,1481100920
457,148111834X
458,1481152718
459,1481162527
460,148117567X
461,148120811X
462,1481212079
463,1481258885
464,1481268503
465,1481280767
466,1481406701
467,1481802119
468,1481802224
469,1481841009
470,1481866842
471,148188607X
472,148188669X
473,1481896857
474,1481901907
475,1481909282
476,1481931628
477,1481936603
478,1481948997
479,1481953214
480,1481955306
481,1481957597
482,1481960741
483,1481962116
484,1481968890
485,1481976303
486,1481984071
487,1481987712
488,1481988867
489,1481999842
490,1482012294
491,1482015560
492,1482016931
493,1482063557
494,1482084007
495,148230810X
496,148231312X
497,1482318687
498,1482319055
499,1482332574
500,1482333139
501,148234873X
502,1482524058
503,1482524759
504,1482529858
505,1482571145
506,1482594129
507,1482596709
508,148261376X
509,1482628961
510,1482632462
511,1482640058
512,1482652226
513,1482658143
514,148265864X
515,1482680858
516,1482687240
517,1482692163
518,1482718529
519,1482747634
520,1482767775
521,148276895X
522,1482772973
523,1482776472
524,1482791285
525,1482792621
526,1483901890
527,148390329X
528,1483912647
529,148391366X
530,1483918432
531,1483918777
532,1483920607
533,1483935906
534,1483940993
535,1483948978
536,1483966763
537,148398348X
538,148398527X
539,1483998819
540,1484013387
541,1484021959
542,148403726X
543,1484038487
544,1484043596
545,1484050371
546,1484053699
547,1484055268
548,1484068769
549,1484076168
550,1484085906
551,148410630X
552,1484109724
553,1484118782
554,1484120906
555,1484125460
556,1484131622
557,1484148037
558,1484185064
559,1484802039
560,1484807944
561,1484813642
562,1484816064
563,1484817095
564,148482606X
565,1484835263
566,1484842812
567,1484854152
568,148485828X
569,1484861280
570,1484865510
571,1484889029
572,1484890450
573,1484909917
574,1484920066
575,1484920147
576,1484924886
577,1484931963
578,1484966554
579,1484967836
580,1484968042
581,1484972090
582,1484988833
583,1484994566
584,148950995X
585,1489515607
586,1489515690
587,1489516948
588,1489519106
589,1489521534
590,1489528865
591,1489536213
592,148953993X
593,1489553207
594,1489554408
595,1489555293
596,148956621X
597,1489570799
598,1489578765
599,1489591095
600,1490310835
601,1490313281
602,149031802X
603,149032495X
604,149033274X
605,149033730X
606,1490339973
607,1490368574
608,1490381716
609,1490383395
610,1490392602
611,1490401822
612,149040399X
613,1490412727
614,1490417737
615,1490418547
616,149041925X
617,1490424601
618,1490425071
619,1490425497
620,149043013X
621,1490436529
622,1490439838
623,1490449647
624,1490471103
625,1490487190
626,1490490639
627,1490506853
628,1490515011
629,1490559175
630,1490560432
631,1490568530
632,1490572082
633,1490596801
634,1490906134
635,1490916636
636,1490922423
637,1490940499
638,1490943781
639,1490943846
640,1490946810
641,1490962050
642,149097136X
643,1490974377
644,1490984798
645,149099792X
646,1490997954
647,1491001011
648,1491002786
649,1491006919
650,1491008113
651,1491038357
652,1491039701
653,1491040300
654,1491052295
655,149105476X
656,1491068116
657,1491072032
658,1491090561
659,1491091673
660,1491092440
661,1491095555
662,1491208295
663,1491230592
664,1491232986
665,1491253002
666,1491263849
667,1491269650
668,1491272201
669,1491274204
670,1491276029
671,1491291419
672,1491291699
673,1491296518
674,1492103748
675,1492108421
676,1492110221
677,1492121169
678,149214889X
679,1492164429
680,1492186775
681,1492192112
682,1492206083
683,1492254398
684,1492259667
685,1492265225
686,1492286966
687,1492293296
688,1492301205
689,1492305413
690,1492306509
691,1492323039
692,1492338141
693,1492343846
694,1492350915
695,1492351024
696,1492353558
697,149236522X
698,1492371289
699,1492375675
700,1492706671
701,1492707619
702,149271397X
703,1492740357
704,1492760994
705,1492764167
706,1492767891
707,1492769339
708,1492784184
709,1492784370
710,1492787701
711,1492788678
712,1492793639
713,1492805831
714,149280584X
715,1492809438
716,1492812080
717,1492827436
718,1492828211
719,1492884685
720,1492886181
721,1492888095
722,1492893900
723,1492904260
724,1492908495
725,1492940003
726,1492955949
727,1492973327
728,1492976423
729,149298079X
730,1492998214
731,1493511459
732,1493530682
733,1493539493
734,149353985X
735,1493584154
736,1493625489
737,1493626655
738,1493632639
739,1493632876
740,1493643274
741,1493649779
742,1493659472
743,1493671898
744,1493673580
745,1493752650
746,1493763121
747,1493768824
748,1493773445
749,1493788868
750,1494204339
751,149421590X
752,1494226405
753,149423355X
754,1494244381
755,1494282011
756,1494286084
757,1494289105
758,149429169X
759,1494297523
760,1494374560
761,1494376644
762,1494407752
763,1494443252
764,149446747X
765,1494469170
766,1494482320
767,1494488558
768,1494714361
769,1494722631
770,1494724693
771,149473592X
772,1494751534
773,1494755610
774,1494774305
775,1494783827
776,1494794357
777,1494807017
778,149484172X
779,1494851636
780,1494852039
781,1494875713
782,1494931451
783,1494937115
784,1494957612
785,1494962772
786,149499738X
787,1495200388
788,1495269655
789,1495281078
790,1495300978
791,1495307352
792,1495327515
793,1495340600
794,1495356744
795,1495373959
796,149539090X
797,1495416046
798,149542118X
799,1495423786
800,1495459225
801,1495472418
802,1495480534
803,1495498530
804,1495912183
805,1495925927
806,1495927857
807,149594123X
808,1495960234
809,1495960390
810,1495979237
811,149600082X
812,149600938X
813,1496010299
814,1496015703
815,1496026063
816,1496088018
817,149610692X
818,1496109686
819,1496116151
820,1496129628
821,1496135393
822,1496145437
823,1496146239
824,1496177029
825,149617707X
826,1497382742
827,1497383730
828,1497394333
829,1497435900
830,149744814X
831,1497454999
832,1497455049
833,149745901X
834,1497497132
835,1497572207
836,1497572320
837,1497585368
838,1499108826
839,1499113129
840,1499142978
841,1499190433
842,1499195303
843,1499198825
844,1499290942
845,1499291019
846,1499324855
847,149934306X
848,1499382642
849,149958492X
850,1499646704
851,1499679106
852,1499707975
853,1499752822
854,1499764529
855,149979178X
856,1500167886
857,1500196169
858,1500260290
859,1500417483
860,1605045535
861,1609280806
862,1612186009
863,1617980218
864,1619215020
865,1620151731
866,1620610078
867,1620610094
868,1620610116
869,1620612461
870,1620612917
871,1620612925
872,1622660005
873,1622660757
874,1622668030
875,1623420687
876,1623420768
877,162878007X
878,1628780096
879,1630350044
880,1630350060
881,1630350087
882,1630350095
883,1630350125
884,1630350168
885,1630350184
886,1630350192
887,1630350222
888,1630350273
889,1631420038
890,1633500004
891,1936305062
892,1936305380
893,1936305941
894,1936413213
895,1936413272
896,1936413310
897,1936413353
898,1937698971
899,193815018X
900,1938404009
901,1938404017
902,1938404270
903,1938404610
904,1938404726
905,1938623428
906,1938623452
907,1938623495
908,1938623533
909,1938623541
910,1938623614
911,1938701062
912,193885733X
913,1939276136
914,1939392756
915,1939455073
916,1939786002
917,1939786053
918,193978607X
919,1939786096
920,1939786118
921,1939786134
922,1939786150
923,1939786177
924,1939786193
925,1939786215
926,1939927196
927,1939962315
928,1939962323
929,1940448018
930,1940652073
931,1940745322
932,1940832004
933,1940832977
934,1940883121
935,1940883148
936,1940883172
937,1940941423
938,1941098010
939,1941098037
940,1941098053
941,1941098096
942,1941098126
943,1941450008
944,B004S81POK
945,B004Z1GHG6
946,B005AU8KM0
947,B005IMCYVI
948,B005IYEWHA
949,B005YKC770
950,B006R6JVH4
951,B006XRM3PY
952,B007KYH3P4
953,B008AXX9CK
954,B008ETBJ5E
955,B008O0QUU2
956,B008P4LJG2
957,B009CE4TG6
958,B009FHSYSY
959,B009TU9M06
960,B009YLRDQK
961,B00A6NG154
962,B00AIBQ6P4
963,B00AIF3QD0
964,B00AKH5X4G
965,B00AMUZS3W
966,B00AND5YIM
967,B00APSWJM4
968,B00AQU7FTS
969,B00AYIDVLS
970,B00B3KPBSW
971,B00B4Y2UHW
972,B00B5XDXPA
973,B00B6LRUOG
974,B00B73H3K4
975,B00BANV988
976,B00BD2PT8M
977,B00BEK71Q6
978,B00BEQP450
979,B00BG3ELWS
980,B00BHLGZJ6
981,B00BK50QYY
982,B00BMZ74PG
983,B00BNFOR1Y
984,B00BOTU4JI
985,B00BS2ECK8
986,B00BS3J7F2
987,B00BTN2DSY
988,B00BYK0OE2
989,B00C2YRAQE
990,B00C4BA44K
991,B00C5R83E6
992,B00C74WXEI
993,B00C7COF6O
994,B00CC3QZ8E
995,B00CC6X8HC
996,B00CCRTFSC
997,B00CCVVKMW
998,B00CD36FKQ
999,B00CFOJU3C
1000,B00CGTWC0O
1001,B00CK51JT4
1002,B00CKHW04A
1003,B00CKURM1I
1004,B00CO7GIDU
1005,B00CO7GIFI
1006,B00CQYAW3I
1007,B00CQYAWAG
1008,B00CRFHJAA
1009,B00CSEHXQU
1010,B00CWFAQJQ
1011,B00CX5V74I
1012,B00CYKHQW4
1013,B00D048R6W
1014,B00D5YWZFQ
1015,B00DA7MHUQ
1016,B00DDXKA1U
1017,B00DE50M2E
1018,B00DG8ZYA4
1019,B00DGVFUJG
1020,B00DJB6KE2
1021,B00DJJJJLK
1022,B00DK7EGCI
1023,B00DNPQSPK
1024,B00DRL96CC
1025,B00DSDPTTI
1026,B00DW7VI7M
1027,B00DY8HARG
1028,B00DY8HASK
1029,B00DY8HASU
1030,B00E2QS6SG
1031,B00E3DWAQM
1032,B00E7XUGM8
1033,B00E9MCRLA
1034,B00EA45DUO
1035,B00EB323E8
1036,B00EB9Z902
1037,B00EBEFDXA
1038,B00EBRUB5C
1039,B00EC197UC
1040,B00EGJ334Q
1041,B00EGMV24G
1042,B00EH9HUNA
1043,B00EHMG34E
1044,B00EPZUSYY
1045,B00ERKTG40
1046,B00EUBGT7I
1047,B00EYJ2LGY
1048,B00F007WI8
1049,B00F31FRKO
1050,B00F5DF9QC
1051,B00FA2B9S0
1052,B00FBK17PQ
1053,B00FDX59UA
1054,B00FG2LWWM
1055,B00FGFY86G
1056,B00FGFYIS4
1057,B00FIL334Q
1058,B00FIWMEU4
1059,B00FK1ZRXY
1060,B00FKAD59I
1061,B00FKERXXS
1062,B00FNUND4W
1063,B00FO60CH6
1064,B00FUTYLR4
1065,B00FVIXS5K
1066,B00FXYLC96
1067,B00G0ZMWOG
1068,B00G2BL50K
1069,B00G6N3IA4
1070,B00G8BHJB8
1071,B00GBIYX8A
1072,B00GCMGWMA
1073,B00GEEB15Y
1074,B00GF6BVXI
1075,B00GKKU0OK
1076,B00GKKU12G
1077,B00GL6FUMU
1078,B00GLSBYYG
1079,B00GO6VI50
1080,B00GP0SB8W
1081,B00GQZ653E
1082,B00GRIKMXO
1083,B00GSWF888
1084,B00GT0NLZQ
1085,B00GVZZQ2A
1086,B00GW9H8XA
1087,B00H0P5F0I
1088,B00H0V069M
1089,B00H3I2172
1090,B00H3LM7UA
1091,B00H5XAQOU
1092,B00H91O5YA
1093,B00H95FQRG
1094,B00H9JGL08
1095,B00HBIZ4UA
1096,B00HCMZZQ8
1097,B00HDSGUQ0
1098,B00HDZOTM0
1099,B00HFUAODQ
1100,B00HFXK4W4
1101,B00HFYQ346
1102,B00HG15RHM
1103,B00HGI16I4
1104,B00HH1JVCI
1105,B00HKMUFU6
1106,B00HLX9Z3C
1107,B00HMP4JEO
1108,B00HNWEA9K
1109,B00HOIH342
1110,B00HOKH5OS
1111,B00HOSAE52
1112,B00HOY8AN4
1113,B00HP4L3S2
1114,B00HTJJSSU
1115,B00HTM7UDM
1116,B00HUUAG4I
1117,B00HXXE5Q2
1118,B00HY03FJM
1119,B00HYQJPC2
1120,B00I19Y70Q
1121,B00I2CPY4U
1122,B00I2VUKKY
1123,B00I48KN16
1124,B00I7X5ML4
1125,B00IA6QWP8
1126,B00IA9TLBM
1127,B00IBHSZ4M
1128,B00IE4QU7Q
1129,B00IGUOMGY
1130,B00IGW2ZXY
1131,B00IH8IDVA
1132,B00II4IHQ4
1133,B00IODNJRG
1134,B00IP8459G
1135,B00IPI546E
1136,B00IPL4AR0
1137,B00IVSF77Y
1138,B00J0KYFSO
1139,B00J1SP9FI
1140,B00J3BRW6C
1141,B00J44T4YQ
1142,B00JAXSEFQ
1143,B00JCJAK96
1144,B00JD223TW
1145,B00JDLFHRI
1146,B00JDYC5OI
1147,B00JFHKEOG
1148,B00JGJB5E6
1149,B00JIV2YA6
1150,B00JIWJ78C
1151,B00JJZLJRU
1152,B00JOPR0ZK
1153,B00JTJ2F2O
1154,B00JU93M6Q
1155,B00JXW6GFE
1156,B00K2GAUC0
1157,B00K31DCD8
1158,B00K4IKBWK
1159,B00K60M99E
1160,B00K9QUXAC
1161,B00K9V2OPE
1162,B00K9ZLW3K
1163,B00KA0AGJK
1164,B00KANRBOK
1165,B00KC8Q522
1166,B00KCE1ISM
1167,B00KF0URBM
1168,B00KFUJX58
1169,B00KGREQZW
1170,B00KHHOUKW
1171,B00KK1GLWA
1172,B00KLBHX44
1173,B00KLJCUIK
1174,B00KLPW3K4
1175,B00KOSOX2O
1176,B00KPIPQJ2
1177,B00KTI9R6Q
1178,B00KUEGX16
1179,B00KV13TKG
1180,B00L1MSEZO
1181,B00L9HIR4E
1182,B00LD6IYUS
1183,B00LD8K0KI
1184,B00LDD8NDO
1185,B00LLWDUDK
