asin,title,author,cover_url,publish_date,found
0007442920,Insurgent,Veronica Roth,https://covers.openlibrary.org/b/id/13011169-M.jpg,2012,True
0062267159,Clash,Nicole Williams,,2012,True
0062267175,Crush,Nicole Williams,https://covers.openlibrary.org/b/id/12812301-M.jpg,2013,True
006226768X,Taking chances,Molly McAdams,,2013,True
0062267728,From ashes,Molly McAdams,https://covers.openlibrary.org/b/id/10757071-M.jpg,2013,True
0062267744,Forgiving lies,Molly McAdams,https://covers.openlibrary.org/b/id/8195824-M.jpg,2013,True
0062267884,Hard As It Gets,Laura Kaye,https://covers.openlibrary.org/b/id/10362914-M.jpg,"Nov 26, 2013",True
0062267906,Hard As You Can A Hard Ink Novel,Laura Kaye,https://covers.openlibrary.org/b/id/7503696-M.jpg,2014,True
0062273248,Losing it,Cora Carmack,https://covers.openlibrary.org/b/id/8216097-M.jpg,2013,True
0062273264,Faking It,Cora Carmack,https://covers.openlibrary.org/b/id/10240133-M.jpg,"Jun 04, 2013",True
0062273280,Finding it,Cora Carmack,,2013,True
0062289357,Crave,Monica Murphy,https://covers.openlibrary.org/b/id/8992604-M.jpg,2013,True
0062292129,Stealing Harper,Molly McAdams,https://covers.openlibrary.org/b/id/8330764-M.jpg,2013,True
0062294776,Wait for You,J. Lynn,https://covers.openlibrary.org/b/id/13133802-M.jpg,"Sep 03, 2013",True
0062294784,Be With Me,Jennifer L. Armentrout,https://covers.openlibrary.org/b/id/7272324-M.jpg,February 4th 2014,True
0062299018,Little Too Far,Lisa Desrochers,https://covers.openlibrary.org/b/id/7272771-M.jpg,2013,True
0062299271,Keeping her,Cora Carmack,https://covers.openlibrary.org/b/id/8187714-M.jpg,2013,True
006229931X,Deceiving lies,Molly McAdams,,2014,True
006230240X,Rule,Jay Crownover,https://covers.openlibrary.org/b/id/10425360-M.jpg,"Oct 22, 2013",True
0062302418,Jet,Jay Crownover,https://covers.openlibrary.org/b/id/10251414-M.jpg,2013,True
0062302426,Rome,Jay Crownover,https://covers.openlibrary.org/b/id/7271125-M.jpg,January 7th 2014,True
0062304828,Trust In Me,Jennifer L. Armentrout,https://covers.openlibrary.org/b/id/7271525-M.jpg,November 26th 2013,True
0062317458,Suddenly royal,Nichole Chase,https://covers.openlibrary.org/b/id/9838224-M.jpg,2013,True
0062326201,All lined up,Cora Carmack,https://covers.openlibrary.org/b/id/10334134-M.jpg,2014,True
0062333038,Nash,Jay Crownover,https://covers.openlibrary.org/b/id/10319269-M.jpg,April 29th 2014,True
0062351893,Better when he's bad,Jay Crownover,https://covers.openlibrary.org/b/id/10421051-M.jpg,2014,True
014219672X,On the island,Tracey Garvis-Graves,https://covers.openlibrary.org/b/id/9611503-M.jpg,2011,True
0143124544,Me Before You,Jojo Moyes,https://covers.openlibrary.org/b/id/14419339-M.jpg,2013,True
0263899403,Waking up Married,Mira Lyn Kelly,,2013,True
030758836X,Gone Girl,Gillian Flynn,https://covers.openlibrary.org/b/id/12498395-M.jpg,2012,True
0316404381,The girl in 6E,A. R. Torre,,2014,True
0345544110,Release Me: A Novel,J. Kenner,https://covers.openlibrary.org/b/id/10424430-M.jpg,2013,True
0345545834,Claim me,Julie Kenner,https://covers.openlibrary.org/b/id/10426259-M.jpg,2013,True
0345545869,Complete Me A Novel,Julie Kenner,https://covers.openlibrary.org/b/id/7852008-M.jpg,2013,True
0345546601,Taking Shots,Toni Aleo,https://covers.openlibrary.org/b/id/9037778-M.jpg,"Apr 23, 2013",True
034554661X,Trying to Score,Toni Aleo,https://covers.openlibrary.org/b/id/9037792-M.jpg,"Apr 23, 2013",True
0345546628,Empty Net : the Assassins Series,Toni Aleo,,2013,True
0345546679,,,,,False
0345803493,Fifty Shades Darker,E. L. James,https://covers.openlibrary.org/b/id/14566885-M.jpg,2012,True
0345803507,Fifty Shades Freed,E. L. James,https://covers.openlibrary.org/b/id/14566886-M.jpg,2012,True
0373210493,"Pushing the Limits (Pushing the Limits Series, Book 1)",Katie McGarry,https://covers.openlibrary.org/b/id/8272816-M.jpg,2012,True
0373210639,"Dare You To (Pushing the Limits Series, Book 2)",Katie McGarry,https://covers.openlibrary.org/b/id/7267952-M.jpg,"May 28, 2013",True
037321099X,"Crash Into You (Pushing the Limits Series, Book 3)",Katie McGarry,https://covers.openlibrary.org/b/id/7267950-M.jpg,"November 26, 2013",True
0373211104,White Hot Kiss,Jennifer L. Armentrout,https://covers.openlibrary.org/b/id/13133735-M.jpg,February 25th 2014,True
0373778287,Blindfolded Innocence,Alessandra Torre,https://covers.openlibrary.org/b/id/10227840-M.jpg,2012,True
0373778295,My Favorite Mistake,Chelsea M. Cameron,https://covers.openlibrary.org/b/id/13052449-M.jpg,2013,True
0373778376,Masked innocence,Alessandra Torre,https://covers.openlibrary.org/b/id/12449100-M.jpg,2014,True
0425263908,Bared to you,Sylvia Day,https://covers.openlibrary.org/b/id/7239078-M.jpg,2012,True
0425263916,Reflected In You,Sylvia Day,https://covers.openlibrary.org/b/id/7483150-M.jpg,2012,True
0425263924,Entwined with You,Sylvia Day,https://covers.openlibrary.org/b/id/7433723-M.jpg,2014,True
0425265951,Gabriels Rapture,Sylvain Reynard,https://covers.openlibrary.org/b/id/7485955-M.jpg,2012,True
042526596X,Gabriel's inferno,Sylvain Reynard,https://covers.openlibrary.org/b/id/11636029-M.jpg,2012,True
0425266516,Gabriel's redemption,Sylvain Reynard,https://covers.openlibrary.org/b/id/10342589-M.jpg,2013,True
0425266745,Easy,Tammara Webber,https://covers.openlibrary.org/b/id/11623782-M.jpg,2012,True
0425266869,Breakable,Tammara Webber,https://covers.openlibrary.org/b/id/7279899-M.jpg,May 6th 2014,True
0425267040,Rush,Maya Banks,,2013,True
0425267067,Fever,Maya Banks,https://covers.openlibrary.org/b/id/9724302-M.jpg,2 april 2013,True
0425267083,Burn,Maya Banks,https://covers.openlibrary.org/b/id/14538252-M.jpg,2013,True
0425267806,Wild Ones,M. Leighton,https://covers.openlibrary.org/b/id/9001765-M.jpg,2013,True
0425267814,Some Like it Wild,M. Leighton,https://covers.openlibrary.org/b/id/7273368-M.jpg,March 4th 2014,True
0425267822,"There's wild, then there's you",M. Leighton,,2014,True
0425269841,Down to you,M. Leighton,https://covers.openlibrary.org/b/id/10749883-M.jpg,2012,True
042526985X,Up to me,M. Leighton,https://covers.openlibrary.org/b/id/8994378-M.jpg,2013,True
0425269868,Everything for us,M. Leighton,,2013,True
0425272346,Reaper's legacy,Joanna Wylde,https://covers.openlibrary.org/b/id/12926959-M.jpg,2014,True
0425272354,Devil's game,Joanna Wylde,https://covers.openlibrary.org/b/id/14341490-M.jpg,2014,True
0425274462,True,Erin McCarthy,https://covers.openlibrary.org/b/id/13145103-M.jpg,2014,True
0451216954,Dark Lover,J. R. Ward,https://covers.openlibrary.org/b/id/293803-M.jpg,2005,True
0451218043,Lover Eternal,J. R. Ward,https://covers.openlibrary.org/b/id/12907571-M.jpg,2006,True
0451239350,Lover At Last,J. R. Ward,https://covers.openlibrary.org/b/id/7697007-M.jpg,2013,True
0451417054,The King,J. R. Ward,https://covers.openlibrary.org/b/id/11958660-M.jpg,2014,True
0451419707,On Dublin Street,Samantha Young,https://covers.openlibrary.org/b/id/9285557-M.jpg,2012,True
0451419715,Down London Road,Samantha Young,,2013,True
0451466225,The Submissive,Tara Sue Me,https://covers.openlibrary.org/b/id/10870706-M.jpg,"Jun 04, 2013",True
0451466233,The dominant,Tara Sue Me,https://covers.openlibrary.org/b/id/10426102-M.jpg,2013,True
0451466659,The Valentine's arrangement,Kelsie Leverich,https://covers.openlibrary.org/b/id/9711846-M.jpg,2014,True
0451466667,Feel the Rush,Kelsie Leverich,https://covers.openlibrary.org/b/id/13047504-M.jpg,2014,True
0451466683,Before Jamaica Lane,Samantha Young,,2014,True
0451467965,Come to me quietly,A. L. Jackson,https://covers.openlibrary.org/b/id/14596422-M.jpg,2014,True
0451467973,Come to me softly,A. L. Jackson,https://covers.openlibrary.org/b/id/13057359-M.jpg,2014,True
0451468279,Connected,Kim Karr,https://covers.openlibrary.org/b/id/12806482-M.jpg,2014,True
0451468287,Torn,Kim Karr,,2014,True
0451469402,Fall from India Place,Samantha Young,,2014,True
0451470672,Mended,Kim Karr,https://covers.openlibrary.org/b/id/10589942-M.jpg,2014,True
0473240610,,,,,False
0578122596,These Men,Andrea Smith,,2013,True
0578124114,The Do Over,A. L. Zaun,,2013-05-18,True
0578125439,,,,,False
0578129965,Freeing,E. K. Blair,https://covers.openlibrary.org/b/id/14468149-M.jpg,2013-09-12,True
0578133512,Falling,E.K. Blair,https://covers.openlibrary.org/b/id/11163357-M.jpg,"Dec 04, 2013",True
0578141809,Bang,E.K. Blair,https://covers.openlibrary.org/b/id/11143264-M.jpg,"May 09, 2014",True
0615429505,Captive In The Dark,CJ Roberts,https://covers.openlibrary.org/b/id/7627871-M.jpg,2011,True
0615581927,Reason to Breathe: The Breathing Series (Volume 1),Rebecca Donovan,https://covers.openlibrary.org/b/id/8477132-M.jpg,"Jun 16, 2012",True
0615608868,Consequences,Aleatha Romig,https://covers.openlibrary.org/b/id/10092654-M.jpg,2012,True
0615680046,,,,,False
061568677X,,,,,False
0615694403,Collide,H.M. Ward,,"Sep 03, 2012",True
0615741932,In Flight (Up In The Air) (Volume 1),R. K. Lilley,https://covers.openlibrary.org/b/id/8477175-M.jpg,"Jan 18, 2013",True
0615748996,,,,,False
0615752179,Mile High,R. K. Lilley,https://covers.openlibrary.org/b/id/13015137-M.jpg,2013,True
0615757375,,,,,False
0615764037,Rock chick,alexa riley,https://covers.openlibrary.org/b/id/12640852-M.jpg,2013,True
061576567X,Grounded,R. K. Lilley,https://covers.openlibrary.org/b/id/12934568-M.jpg,2013,True
0615766412,Raid,alexa riley,,2013,True
061577041X,Rock Chick (Volume 1),alexa riley,https://covers.openlibrary.org/b/id/8477179-M.jpg,"Apr 01, 2013",True
0615771106,Torn,K. A. Robinson,https://covers.openlibrary.org/b/id/12828081-M.jpg,2013,True
0615774237,Renegade,alexa riley,,2013,True
0615782140,Revenge,alexa riley,,2013,True
0615785824,,,,,False
0615788084,My Everything,Heidi McLaughlin,https://covers.openlibrary.org/b/id/14499281-M.jpg,2013-07-01,True
0615789684,,,,,False
061579615X,Damaged,H.M. Ward,https://covers.openlibrary.org/b/id/11972823-M.jpg,"Apr 07, 2013",True
0615796982,,,,,False
0615803830,Knight,alexa riley,https://covers.openlibrary.org/b/id/10476392-M.jpg,"Apr 15, 2013",True
0615803873,Creed,alexa riley,https://covers.openlibrary.org/b/id/14802021-M.jpg,2013,True
0615810756,Surrender,Melody Anne,https://covers.openlibrary.org/b/id/14522980-M.jpg,"Apr 29, 2013",True
0615822762,Bad Things,R. K. Lilley,https://covers.openlibrary.org/b/id/8941701-M.jpg,2013,True
0615822886,Lana,R. K. Lilley,,2013,True
0615822991,Submit (Surrender) (Volume 2),Melody Anne,https://covers.openlibrary.org/b/id/8477189-M.jpg,"May 22, 2013",True
0615826814,Damaged 2,H. M. Ward,https://covers.openlibrary.org/b/id/12814187-M.jpg,2013,True
0615827446,The arrangement,H. M. Ward,https://covers.openlibrary.org/b/id/12488673-M.jpg,2013,True
0615827500,The arrangement,H. M. Ward,https://covers.openlibrary.org/b/id/12973785-M.jpg,2013,True
0615827837,The arrangement,H. M. Ward,https://covers.openlibrary.org/b/id/12488138-M.jpg,2013,True
0615836968,Saving Us,Jennifer Foor,,2013-03-21,True
061583860X,,,,,False
0615840841,Rock Chick Revolution,alexa riley,https://covers.openlibrary.org/b/id/12539705-M.jpg,"Aug 13, 2013",True
0615845517,Seduced - Book Three - Surrender Series (Volume 3),Melody Anne,https://covers.openlibrary.org/b/id/8477196-M.jpg,"Sep 02, 2013",True
0615849601,Stripped,H. M. Ward,https://covers.openlibrary.org/b/id/12936719-M.jpg,2013,True
0615857272,,,,,False
0615859763,The arrangement,H. M. Ward,https://covers.openlibrary.org/b/id/12811086-M.jpg,2013,True
0615860788,The arrangement,H. M. Ward,https://covers.openlibrary.org/b/id/12487976-M.jpg,2013,True
0615860826,The Arrangement 8,H. M. Ward,,2013-08-01,True
0615861326,The arrangement,H. M. Ward,https://covers.openlibrary.org/b/id/12856922-M.jpg,2013,True
0615868401,Only for You,Genna Rulon,,2013-09-24,True
0615885438,,,,,False
0615887767,Found in you,Laurelin Paige,,2013,True
061589285X,The arrangement,H. M. Ward,https://covers.openlibrary.org/b/id/10730559-M.jpg,2013,True
0615894666,Scorched - Book Four - The Surrender Series,Melody Anne,,"Nov 11, 2013",True
0615900305,Razer's Ride,Jamie Begley,https://covers.openlibrary.org/b/id/8940575-M.jpg,"Jun 10, 2013",True
0615910521,The Arrangement 11,H.M. Ward,https://covers.openlibrary.org/b/id/14441482-M.jpg,2013-11-06,True
0615911684,Ride,J. C. Emery,,2013-10-26,True
0615913970,Ignite,Tessa Teevan,https://covers.openlibrary.org/b/id/8941644-M.jpg,"Oct 29, 2013",True
0615928854,Pieces for You,Genna Rulon,,2013-12-,True
0615974171,Thrash,JC Emery,,2014-01-09,True
0692208879,The Will,alexa riley,https://covers.openlibrary.org/b/id/10315408-M.jpg,"May 17, 2014",True
0692221506,,,,,False
0751552615,Redemption Of Callie And Kayden The,Jessica Sorensen,https://covers.openlibrary.org/b/id/7663474-M.jpg,2014,True
0778313530,Siren,Tiffany Reisz,,2012,True
0778315703,Mistress,Tiffany Reisz,,2013,True
0778316173,Always On My Mind,Bella Andre,https://covers.openlibrary.org/b/id/11587640-M.jpg,2014,True
0804176663,Wanted,Julie Kenner,https://covers.openlibrary.org/b/id/8002440-M.jpg,2014,True
0804176787,One Week Girlfriend,Monica Murphy,https://covers.openlibrary.org/b/id/7945344-M.jpg,2013,True
0804176809,Three broken promises,Monica Murphy,,2013,True
0804176825,Four years later,Monica Murphy,https://covers.openlibrary.org/b/id/10217240-M.jpg,2014,True
0957496168,Dangerous to Know & Love,Jane Harvey-Berrick,https://covers.openlibrary.org/b/id/11093771-M.jpg,"Jan 23, 2014",True
0957680368,Sizzle,Lexi Buchanan,https://covers.openlibrary.org/b/id/14518256-M.jpg,2013,True
0981943667,Comfort Food,Kitty Thomas,https://covers.openlibrary.org/b/id/10719189-M.jpg,"Oct 31, 2010",True
0983157200,"HalfBlood
            
                Covenant",Jennifer L. Armentrout,https://covers.openlibrary.org/b/id/7751310-M.jpg,2011,True
0983212546,Playing for Keeps,R. L. Mathewson,https://covers.openlibrary.org/b/id/10107887-M.jpg,"Apr 29, 2011",True
0983593167,,,,,False
0983706352,Masters of the Shadowlands,Cherise Sinclair,https://covers.openlibrary.org/b/id/11943198-M.jpg,"Feb 06, 2013",True
0984887873,Strings,Kendall Grey,https://covers.openlibrary.org/b/id/11172173-M.jpg,"May 27, 2013",True
098488789X,Beats,Kendall Grey,https://covers.openlibrary.org/b/id/11172188-M.jpg,"Oct 13, 2013",True
0985008628,That Boy,Jillian Dodd,https://covers.openlibrary.org/b/id/13570490-M.jpg,"Jul 25, 2012",True
0985008660,,,,,False
0985008687,Kiss Me,Jillian Dodd,,2012-11-,True
0985059133,Conviction,Nicole Edwards,https://covers.openlibrary.org/b/id/11216872-M.jpg,"Nov 10, 2012",True
0985059141,Temptation,Nicole Edwards,https://covers.openlibrary.org/b/id/11970074-M.jpg,"Nov 13, 2012",True
098505915X,Addicted,Nicole Edwards,,2012,True
0985059168,Seduction,Nicole Edwards,https://covers.openlibrary.org/b/id/12708692-M.jpg,2012,True
0985059176,Kaleb,Nicole Edwards,https://covers.openlibrary.org/b/id/10215851-M.jpg,"Jan 14, 2013",True
0985817003,If I Were You,Lisa Renée Jones,,2012,True
0985817089,,,,,False
0985817097,Infinite Possibilities (The Secret Life of Amy Bensen #2),Lisa Renee Jones,https://covers.openlibrary.org/b/id/7267874-M.jpg,November 11th 2013,True
0985872586,,,,,False
0987526111,,,,,False
0987526154,Fighting Redemption,Kate McCarthy,https://covers.openlibrary.org/b/id/12371099-M.jpg,"Nov 20, 2013",True
0988264269,,,,,False
0988273608,,,,,False
0988273632,A Song for Julia,Charles Sheehan-Miles,,2012-12-15,True
0988273683,Last hour,Charles Sheehan-Miles,https://covers.openlibrary.org/b/id/11796778-M.jpg,2013,True
0988301318,Fallen Too Far,Abbi Glines,,"May,17, 2011",True
0988348268,Jane's melody,Ryan Winfield,https://covers.openlibrary.org/b/id/13403993-M.jpg,2013,True
0988489112,Truth;Consequences,Aleatha Romig,https://covers.openlibrary.org/b/id/11098468-M.jpg,"Oct 30, 2012",True
0988489171,Convicted,Aleatha Romig,https://covers.openlibrary.org/b/id/8742448-M.jpg,2013,True
0988489198,Behind His Eyes - Consequences,Aleatha Romig,,2014-01-14,True
0988695103,Forever My Girl,Heidi McLaughlin,https://covers.openlibrary.org/b/id/11619505-M.jpg,"Dec 26, 2012",True
0988695111,,,,,False
098869512X,Love Me,Jillian Dodd,,2013-08-11,True
098870742X,Wanted,Kelly Elliott,https://covers.openlibrary.org/b/id/12072724-M.jpg,"Dec 28, 2012",True
0988707470,,,,,False
0988707489,Broken,Kelly Elliott,https://covers.openlibrary.org/b/id/12188870-M.jpg,2013,True
0988715805,,,,,False
098871583X,Arouse,Nina Lane,https://covers.openlibrary.org/b/id/12135633-M.jpg,2013,True
0988715880,Awaken,Nina Lane,,2014-01-06,True
0988742942,"Tall, Tatted and Tempting",Tammy Falkner,https://covers.openlibrary.org/b/id/14657317-M.jpg,2013-06-17,True
0988771373,Him,,,,True
098877139X,,,,,False
0988812517,Vain,Fisher Amelie,https://covers.openlibrary.org/b/id/10329990-M.jpg,"Feb 07, 2013",True
0988812541,Greed,Fisher Amelie,https://covers.openlibrary.org/b/id/12815789-M.jpg,2013,True
0989041697,Hustle Me,Jennifer Foor,,2013,True
0989104400,Falling Into You,Jasinda Wilder,https://covers.openlibrary.org/b/id/12056710-M.jpg,"Mar 19, 2013",True
0989104427,Falling into Us,Jasinda Wilder,,2013-06-21,True
0989104478,,,,,False
0989108155,Crash Into Me,K.M. Scott,https://covers.openlibrary.org/b/id/11965106-M.jpg,"Aug 24, 2013",True
0989108171,Fall Into Me (Heart of Stone) (Volume 2),K.M. Scott,,2013-11-23,True
0989108198,Give in to Me,K.M. Scott,,2014-02-07,True
0989117375,Double Full,Kindle Alexander,https://covers.openlibrary.org/b/id/14460234-M.jpg,2013-10-08,True
0989138607,Sweet Thing,Renee Carlino,https://covers.openlibrary.org/b/id/10192835-M.jpg,2013-03-17,True
0989138631,Sweet Little Thing,Renee Carlino,https://covers.openlibrary.org/b/id/10862557-M.jpg,"Mar 03, 2014",True
0989210987,Adore me,Jillian Dodd,,"Nov 23, 2013",True
0989246515,,,,,False
0989246531,,,,,False
0989247910,Undeclared,Jen Frederick,,2013-04-27,True
0989247953,,,,,False
0989247988,,,,,False
0989269833,,,,,False
0989269868,,,,,False
0989281000,Neanderthal Seeks Human,Penny Reid,https://covers.openlibrary.org/b/id/11562350-M.jpg,"Mar 13, 2013",True
0989283410,Worthy of Redemption,L.D. Davis,,2013-07-22,True
0989339211,Addicted to You,Krista Ritchie,https://covers.openlibrary.org/b/id/13463774-M.jpg,2013,True
0989339246,Addicted for Now (Addicted #2),Krista Ritchie,,2013-12-18,True
0989339270,Ricochet,Krista Ritchie,https://covers.openlibrary.org/b/id/13685258-M.jpg,2013,True
0989339289,,,,,False
0989353656,Falling Into Infinity (Infinity Series) (Volume 1),Layne Harper,,2013-06-11,True
0989373819,,,,,False
0989373827,Finding My Forever,Heidi McLaughlin,,2013-12-30,True
0989373843,Finding my way,"McLaughlin, Heidi (Romance fiction writer)",https://covers.openlibrary.org/b/id/12545458-M.jpg,2014,True
0989416402,,,,,False
0989416410,Off Sides,Sawyer Bennett,https://covers.openlibrary.org/b/id/10108680-M.jpg,"Feb 21, 2013",True
0989416429,,,,,False
0989416496,Off Chance,Sawyer Bennett,https://covers.openlibrary.org/b/id/13158507-M.jpg,"Oct 20, 2013",True
0989450201,Driven,K. Bromberg,https://covers.openlibrary.org/b/id/10509184-M.jpg,2013,True
0989450236,Fueled,K. Bromberg,,2013,True
0989450252,Crashed,K. Bromberg,,2014,True
0989465004,Hearts in darkness,Laura Kaye,,2013,True
0989492508,Eversea,Natasha Boyd,https://covers.openlibrary.org/b/id/10132420-M.jpg,"Jun 04, 2013",True
0989492559,"Forever, Jack",Natasha Boyd,https://covers.openlibrary.org/b/id/10756297-M.jpg,"Nov 26, 2013",True
0989527417,Branded,Abi Ketner,https://covers.openlibrary.org/b/id/12545192-M.jpg,2014,True
0989598403,The Law of Attraction,N.M. Silber,https://covers.openlibrary.org/b/id/10170367-M.jpg,"Jul 23, 2013",True
0989668401,Out of Line,Jen McLaughlin,https://covers.openlibrary.org/b/id/11556647-M.jpg,"Sep 10, 2013",True
0989713482,Raising Ryann,Alyssa Rae Taylor,,"Aug 09, 2013",True
0989740617,A Beautiful Mess,T. K. Leigh,https://covers.openlibrary.org/b/id/10092663-M.jpg,"Sep 16, 2013",True
0989740633,,,,,False
0989768406,Hardwired,Meredith Wild,https://covers.openlibrary.org/b/id/13059218-M.jpg,2013,True
0989769704,,,,,False
0989780716,,,,,False
0989825086,Night Moves,Andrea Smith,,2013,True
0991105419,,,,,False
0991127390,Toxic,Rachel Van Dyken,https://covers.openlibrary.org/b/id/14526768-M.jpg,2014-03-04,True
0991192818,Nocturnes,Kendall Grey,,2013,True
0991309618,Cherished,Kelly Elliott,,2014-01-,True
0991309634,Believe,Kelly Elliott,https://covers.openlibrary.org/b/id/9032475-M.jpg,"Dec 18, 2013",True
0991309650,Broken dreams,Kelly Elliott,https://covers.openlibrary.org/b/id/12746097-M.jpg,2014,True
0991309693,Unconditional Love,Kelly Elliott,,2014-06-24,True
0991379616,Forever with you,Laurelin Paige,,2014,True
0991379632,Fixed on you,Laurelin Paige,https://covers.openlibrary.org/b/id/12187265-M.jpg,2014,True
0991379659,The fixed trilogy,Laurelin Paige,,2013,True
0991401115,Behind His Eyes - Truth,Aleatha Romig,https://covers.openlibrary.org/b/id/11230070-M.jpg,"Mar 18, 2014",True
0991426711,Unraveled,Jen Frederick,https://covers.openlibrary.org/b/id/10819064-M.jpg,2014,True
0991426738,,,,,False
0991587200,,,,,False
0991686004,Ten Tiny Breaths,K. A. Tucker,https://covers.openlibrary.org/b/id/10864146-M.jpg,"Nov 27, 2012",True
099173274X,Torn from You,Nashoda Rose,https://covers.openlibrary.org/b/id/11609586-M.jpg,"Dec 19, 2013",True
0991732766,With You,Nashoda Rose,https://covers.openlibrary.org/b/id/13930933-M.jpg,"Dec 19, 2013",True
0991841131,,,,,False
0991841174,,,,,False
0992106818,Rumor has it,Elisabeth Grace,https://covers.openlibrary.org/b/id/12484109-M.jpg,2013,True
0992142202,Break In Two,M J Summers,,2013-11-24,True
0992466512,,,,,False
0993702325,Overwhelmed by You,Nashoda Rose,https://covers.openlibrary.org/b/id/10874716-M.jpg,"May 21, 2014",True
0996053018,,,,,False
1250050367,Rules of entanglement,Gina L. Maxwell,https://covers.openlibrary.org/b/id/8243584-M.jpg,2014,True
125005236X,Lick,Kylie Scott,https://covers.openlibrary.org/b/id/12489456-M.jpg,2014,True
1250058236,Night owl,M. Pierce,https://covers.openlibrary.org/b/id/14609462-M.jpg,2014,True
140220521X,How to kill a rock star,Tiffanie DeBartolo,https://covers.openlibrary.org/b/id/751274-M.jpg,2005,True
1402244428,Backstage Pass,Olivia Cunning,https://covers.openlibrary.org/b/id/10920279-M.jpg,"Oct 01, 2010",True
1402245777,Rock hard,Olivia Cunning,https://covers.openlibrary.org/b/id/13003667-M.jpg,2011,True
1402245831,Hot Ticket,Olivia Cunning,https://covers.openlibrary.org/b/id/12841334-M.jpg,2013,True
1402245866,Wicked beat,Olivia Cunning,,2013,True
1402271514,Double Time,Olivia Cunning,https://covers.openlibrary.org/b/id/12833211-M.jpg,2012,True
1402284853,Against the ropes,Sarah Castille,https://covers.openlibrary.org/b/id/7988220-M.jpg,2013,True
1419953249,The Sweet Gum Tree,Katherine Allred,https://covers.openlibrary.org/b/id/1806116-M.jpg,December 2005,True
1419953656,Undressed,Avery Aster,https://covers.openlibrary.org/b/id/12827755-M.jpg,2014,True
1419970291,Reaper's Property,Joanna Wylde,https://covers.openlibrary.org/b/id/10473779-M.jpg,2013,True
144235948X,Beautiful Disaster,Jamie McGuire,https://covers.openlibrary.org/b/id/9071091-M.jpg,"Aug 14, 2012",True
1442485256,The Vincent Boys,Abbi Glines,https://covers.openlibrary.org/b/id/13226380-M.jpg,2012,True
1442485280,The Vincent Brothers,Abbi Glines,https://covers.openlibrary.org/b/id/13225688-M.jpg,2012,True
1442488603,Just For Now,Abbi Glines,https://covers.openlibrary.org/b/id/10281061-M.jpg,2013,True
1442488638,Because of Low,Abbi Glines,https://covers.openlibrary.org/b/id/13226856-M.jpg,2013,True
1442488662,While it Lasts,Abbi Glines,https://covers.openlibrary.org/b/id/13226920-M.jpg,2013,True
1442488697,Breathe,Abbi Glines,https://covers.openlibrary.org/b/id/13206537-M.jpg,2013,True
1451533969,Love Unscripted,Tina Reber,https://covers.openlibrary.org/b/id/10204840-M.jpg,"Mar 06, 2010",True
1452645493,,,,,False
1452662673,,,,,False
1452663874,,,,,False
1452664935,,,,,False
1453720693,Rock Chick Redemption,alexa riley,,"Nov 08, 2010",True
1455548987,The edge of never,J. A. Redmerski,https://covers.openlibrary.org/b/id/14628004-M.jpg,2013,True
1455549002,The edge of always,J. A. Redmerski,https://covers.openlibrary.org/b/id/9587423-M.jpg,2014,True
1455550833,If you leave,"Cole, Courtney (Novelist)",https://covers.openlibrary.org/b/id/8027620-M.jpg,2013,True
1455557714,Before We Fall,Courtney Cole,https://covers.openlibrary.org/b/id/12724795-M.jpg,2013,True
1455574449,Forgotten Sins,Rebecca Zanetti,,2014,True
1455574856,The secret of Ella and Micha,Jessica Sorensen,https://covers.openlibrary.org/b/id/13426610-M.jpg,2013,True
1455574880,The Forever of Ella and Micha,Jessica Sorensen,https://covers.openlibrary.org/b/id/9338480-M.jpg,"Oct 15, 2013",True
145557631X,Façade,Nyrae Dawn,https://covers.openlibrary.org/b/id/8342819-M.jpg,2013,True
1455576506,The Coincidence of Callie & Kayden,Jessica Sorensen,https://covers.openlibrary.org/b/id/10235739-M.jpg,"Aug 06, 2013",True
1455578312,This Man,Jodi Ellen Malpas,https://covers.openlibrary.org/b/id/9339129-M.jpg,"Oct 22, 2013",True
1455578347,Beneath This Man,Jodi Ellen Malpas,https://covers.openlibrary.org/b/id/9338250-M.jpg,"Nov 26, 2013",True
1455578363,This man confessed,Jodi Ellen Malpas,https://covers.openlibrary.org/b/id/10442991-M.jpg,2014,True
1455582689,The Ever After of Ella and Micha,Jessica Sorensen,https://covers.openlibrary.org/b/id/8463071-M.jpg,"Dec 03, 2013",True
1455599050,The gamble,alexa riley,,2014,True
1455599085,Sweet dreams,alexa riley,https://covers.openlibrary.org/b/id/14358252-M.jpg,2014,True
1455599182,Mystery Man,alexa riley,https://covers.openlibrary.org/b/id/10302396-M.jpg,"Aug 27, 2013",True
1455599204,Wild Man,alexa riley,https://covers.openlibrary.org/b/id/12732179-M.jpg,2013,True
1455599220,Law man,alexa riley,https://covers.openlibrary.org/b/id/12670210-M.jpg,2013,True
1455599247,Motorcycle Man,alexa riley,,2014,True
1455599255,Own the Wind,alexa riley,https://covers.openlibrary.org/b/id/12761267-M.jpg,2013,True
1455599271,Fire inside,alexa riley,https://covers.openlibrary.org/b/id/12869208-M.jpg,2014,True
1456527738,Sempre (Forever),J. M. Darhower,,2012,True
1461085977,Flat-out love,Jessica Park,https://covers.openlibrary.org/b/id/10246838-M.jpg,2011,True
146109111X,Thoughtless,S.C. Stephens,https://covers.openlibrary.org/b/id/10840832-M.jpg,"Apr 07, 2011",True
1462003907,,,,,False
1463695403,Significance,Shelly Crane,https://covers.openlibrary.org/b/id/12947059-M.jpg,2011,True
1466276983,Perfection,R.L. Mathewson,https://covers.openlibrary.org/b/id/11980400-M.jpg,"Sep 21, 2011",True
1467943207,Collision Course,S.C. Stephens,https://covers.openlibrary.org/b/id/9063489-M.jpg,"Apr 11, 2012",True
1467980757,The Billionaire Wins the Game,Melody Anne,,"Nov 23, 2011",True
1468112422,Chasing Nikki,Lacey Weatherford,,2012,True
1468161660,Slammed,Colleen Hoover,https://covers.openlibrary.org/b/id/12661471-M.jpg,2012,True
1468187953,The Tycoon's Revenge,Melody Anne,https://covers.openlibrary.org/b/id/10477206-M.jpg,"Jan 05, 2012",True
1469252317,Feral Sins,Suzanne Wright,https://covers.openlibrary.org/b/id/9036807-M.jpg,"Feb 19, 2013",True
1469905833,No More Wasted Time,Beverly Preston,https://covers.openlibrary.org/b/id/10473920-M.jpg,"Jan 14, 2012",True
1469982781,The Opportunist,Tarryn Fisher,https://covers.openlibrary.org/b/id/10715963-M.jpg,"May 27, 2012",True
1469982994,Effortless,S.C. Stephens,https://covers.openlibrary.org/b/id/13281810-M.jpg,"Feb 17, 2012",True
1469984016,The Boy Who Sneaks In My Bedroom Window,Kirsty Moseley,https://covers.openlibrary.org/b/id/10525117-M.jpg,"Apr 09, 2012",True
1470077892,Wait for me,Elisabeth Naughton,https://covers.openlibrary.org/b/id/10340070-M.jpg,2012,True
1470124327,Point of Retreat,Colleen Hoover,https://covers.openlibrary.org/b/id/13301516-M.jpg,"Feb 25, 2012",True
1471133524,Beautiful Oblivion,Jamie McGuire,,2014-07-01,True
1471133567,A Beautiful Wedding,Jamie McGuire,https://covers.openlibrary.org/b/id/9286978-M.jpg,"Dec 10, 2013",True
1472211243,Taken,Kelli Maine,https://covers.openlibrary.org/b/id/12927949-M.jpg,"Jul 04, 2013",True
147500544X,Honor Student,Teresa Mummert,,2012-04-02,True
1475102542,Predestined,Abbi Glines,,2012-03-26,True
1475156456,What I Didn't Say,Keary Taylor,,2012-04-30,True
1475181221,Almost,Anne Eliot,https://covers.openlibrary.org/b/id/8884624-M.jpg,2012,True
1475244207,Forever Mine,Elizabeth Reyes,https://covers.openlibrary.org/b/id/9065187-M.jpg,"May 24, 2012",True
1476712980,Walking disaster,Jamie McGuire,https://covers.openlibrary.org/b/id/10820897-M.jpg,2013,True
1476717516,The marriage trap,Jennifer Probst,https://covers.openlibrary.org/b/id/13175390-M.jpg,2012,True
1476717524,The Marriage Mistake Marriage to a Billionaire,Jennifer Probst,https://covers.openlibrary.org/b/id/7864679-M.jpg,2012,True
1476718202,Reckless,S. C. Stephens,https://covers.openlibrary.org/b/id/8378099-M.jpg,2013,True
1476718970,Love Unrehearsed,Tina Reber,https://covers.openlibrary.org/b/id/10783346-M.jpg,2013,True
1476725365,The marriage bargain,Jennifer Probst,https://covers.openlibrary.org/b/id/8090591-M.jpg,2012,True
147672721X,Being me,Lisa Renee Jones,,2013,True
1476727228,Revealing us,Lisa Renee Jones,https://covers.openlibrary.org/b/id/10227189-M.jpg,2013,True
1476730091,Beautiful bastard,Christina Lauren,https://covers.openlibrary.org/b/id/10348137-M.jpg,2013,True
1476730601,Just one night,Kyra Davis,https://covers.openlibrary.org/b/id/11660243-M.jpg,2013,True
1476730946,The sea of tranquility,Katja Millay,https://covers.openlibrary.org/b/id/10224329-M.jpg,2013,True
1476731535,Beautiful stranger,Christina Lauren,https://covers.openlibrary.org/b/id/14633068-M.jpg,28 May 2013,True
1476732027,White Trash Beautiful,Teresa Mummert,https://covers.openlibrary.org/b/id/11743881-M.jpg,2013,True
1476735247,Naked,Raine Miller,https://covers.openlibrary.org/b/id/14839768-M.jpg,2013,True
1476735271,All in,Raine Miller,https://covers.openlibrary.org/b/id/12831643-M.jpg,2013,True
1476735603,Eyes wide open,Raine Miller,https://covers.openlibrary.org/b/id/10280809-M.jpg,2013,True
1476740496,Four seconds to lose,K. A. Tucker,https://covers.openlibrary.org/b/id/14467857-M.jpg,2014,True
1476741182,Wallbanger,Alice Clayton,https://covers.openlibrary.org/b/id/12473090-M.jpg,13 Aug 2013,True
1476741255,Redhead plays her hand,Alice Clayton,https://covers.openlibrary.org/b/id/10346569-M.jpg,2013,True
147674355X,Hopeless,Colleen Hoover,https://covers.openlibrary.org/b/id/15204836-M.jpg,2013,True
1476744084,Devoured,Emily Snow,https://covers.openlibrary.org/b/id/10748130-M.jpg,2013,True
1476744106,Tidal,Emily Snow,https://covers.openlibrary.org/b/id/10240148-M.jpg,2013,True
1476744130,Consumed,Emily Snow,,2014,True
1476744904,The marriage merger,Jennifer Probst,https://covers.openlibrary.org/b/id/7990456-M.jpg,2013,True
1476744920,Searching for Someday,Jennifer Probst,,"Nov 26, 2013",True
1476746532,This girl,Colleen Hoover,https://covers.openlibrary.org/b/id/14328438-M.jpg,2013,True
1476751404,Beautiful Player,Christina Lauren,https://covers.openlibrary.org/b/id/7619826-M.jpg,2013,True
1476751803,Sweet filthy boy,Christina Lauren,https://covers.openlibrary.org/b/id/12536548-M.jpg,2014,True
1476752192,A Terrible Love,Marata Eros,https://covers.openlibrary.org/b/id/8173917-M.jpg,2013,True
1476753164,Maybe someday,Colleen Hoover,https://covers.openlibrary.org/b/id/12856715-M.jpg,2014,True
1476754144,Beautiful Bitch,Christina Lauren,https://covers.openlibrary.org/b/id/14633061-M.jpg,"Jul 09, 2013",True
1476755094,Beautiful Bombshell,Christina Lauren,https://covers.openlibrary.org/b/id/7663316-M.jpg,2013,True
1476755108,Beautiful Beginning,Christina Lauren,https://covers.openlibrary.org/b/id/14633062-M.jpg,"Nov 19, 2013",True
1476755590,Real,Katy Evans,https://covers.openlibrary.org/b/id/7382687-M.jpg,2013,True
1476755604,Mine,Katy Evans,https://covers.openlibrary.org/b/id/12992968-M.jpg,2013,True
1476756503,Twisted perfection,Abbi Glines,,2013,True
147675652X,Simple Perfection,Abbi Glines,https://covers.openlibrary.org/b/id/13224603-M.jpg,2013,True
1476756546,Take a Chance,Abbi Glines,https://covers.openlibrary.org/b/id/13226299-M.jpg,2013,True
1476759006,Loving Cara,Kristen Proby,https://covers.openlibrary.org/b/id/8333435-M.jpg,2014,True
1476759529,Red Hill,Jamie McGuire,https://covers.openlibrary.org/b/id/7270423-M.jpg,"October 1st, 2013",True
1476760772,Sempre Redemption,J. M. Darhower,https://covers.openlibrary.org/b/id/7469783-M.jpg,2014,True
1476761779,Tangled,Emma Chase,https://covers.openlibrary.org/b/id/12571131-M.jpg,2014,True
1476763526,Losing Hope,Colleen Hoover,https://covers.openlibrary.org/b/id/9326787-M.jpg,2013,True
1476763607,Tamed,Emma Chase,https://covers.openlibrary.org/b/id/13106642-M.jpg,2014,True
1476763623,Twisted,Emma Chase,https://covers.openlibrary.org/b/id/10229237-M.jpg,"Mar 25, 2014",True
1476764468,Remy,Katy Evans,https://covers.openlibrary.org/b/id/14349130-M.jpg,2013,True
1476764603,Working it,Kendall Ryan,,2014,True
147677594X,Rush too far,Abbi Glines,,2014,True
1476776016,Never too far,Abbi Glines,,2014,True
1476776040,Forever too far,Abbi Glines,,2014,True
1476783284,Finding Cinderella,Colleen Hoover,https://covers.openlibrary.org/b/id/8892868-M.jpg,2014,True
1477473971,Noah,Elizabeth Reyes,https://covers.openlibrary.org/b/id/12004338-M.jpg,"May 24, 2012",True
1477571086,Against the Wall,Julie Prestsater,,2012-06-02,True
1477661875,Seduction and Snacks,Tara Sivec,,2012-06-22,True
1477665412,Barely Breathing,Rebecca Donovan,,"Jun 29, 2012",True
1477694919,Perfect for You,Kate Perry,,2012,True
1477805028,The mighty storm,Samantha Towle,https://covers.openlibrary.org/b/id/12715316-M.jpg,2013,True
1477805052,Wethering the storm,Samantha Towle,,2013,True
1477808663,Game Changer,J. Sterling,,2013,True
1477808671,The perfect game,J. Sterling,,2012,True
1477817158,Left drowning,Jessica Park,https://covers.openlibrary.org/b/id/12959177-M.jpg,2013,True
1477817182,Out of breath,"Donovan, Rebecca (Novelist)",https://covers.openlibrary.org/b/id/9692277-M.jpg,2013,True
1477817484,Shame on you,Tara Sivec,https://covers.openlibrary.org/b/id/8992830-M.jpg,2014,True
1477817492,Off the record,K. A. Linde,https://covers.openlibrary.org/b/id/10792625-M.jpg,2014,True
1477817506,Beautifully damaged,L. A. Fiore,,2014,True
1477847103,Someone to love,Addison Moore,https://covers.openlibrary.org/b/id/8163436-M.jpg,2013,True
1478132744,Avoiding Commitment,K Linde,,2012,True
1478314605,Futures and Frosting,Tara Sivec,https://covers.openlibrary.org/b/id/9059662-M.jpg,"Sep 13, 2012",True
1479103780,Back to You,Priscilla Glenn,https://covers.openlibrary.org/b/id/10467165-M.jpg,"Oct 20, 2012",True
1479145211,Lengths,Steph Campbell,,2012,True
1479218685,Bouquet Toss,Melissa Brown,,2012,True
1479245712,Unravel Me,Kendall Ryan,https://covers.openlibrary.org/b/id/11735803-M.jpg,2012,True
1479318868,Make Me Yours,Kendall Ryan,,2012,True
1479327573,Beyond Shame,Kit Rocha,https://covers.openlibrary.org/b/id/10219711-M.jpg,"Sep 16, 2012",True
1479333573,I Love You to Death (Volume 1),Natalie Ward,,2012-09-28,True
1479359084,Sins & Needles,Karina Halle,https://covers.openlibrary.org/b/id/10873058-M.jpg,"Feb 01, 2013",True
1479372749,Disastrous,E. L. Montes,https://covers.openlibrary.org/b/id/12071140-M.jpg,"Nov 01, 2012",True
147937296X,Ten Days of Perfect,Andrea Randall,,2012-10-03,True
1479390046,Rock the Heart,Michelle Valentine,,"Nov 20, 2012",True
1479398772,Crush,Lacey Weatherford,,2012,True
1480008907,Fade,Kate Dawes,,2012-10-09,True
1480055549,Final Piece,Maggi Myers,,2012,True
1480074616,,,,,False
148008591X,Ivy Lessons,J. Lerman,,2012,True
1480089133,Always You,Kirsty Moseley,,"Nov 01, 2012",True
1480096954,Nobody's perfect,Kallypso Masters,https://covers.openlibrary.org/b/id/12798093-M.jpg,2013,True
1480114065,In the Band,Jean Haus,,2012,True
1480114480,Proposition,Katie Ashley,,2012,True
1480125717,Bound Together,Marie Coulson,,2012-11-26,True
1480132705,Where I Need to Be: (Club 24 #1) (Volume 1),Kimberly Knight,https://covers.openlibrary.org/b/id/15124715-M.jpg,2012-12-21,True
1480138320,Broken (This),J.B. McGee,,2012-11-25,True
1480141283,Fall from Grace,Christine Zolendz,,2012,True
1480170623,Saving Grace,Christine Zolendz,,2012,True
1480186120,Troubles and Treats,Tara Sivec,,2012-11-30,True
1480213985,Charade,Nyrae Dawn,https://covers.openlibrary.org/b/id/10738659-M.jpg,2012-11-15,True
1480225649,Fallen Crest High,Tijan,https://covers.openlibrary.org/b/id/14465209-M.jpg,2012-11-18,True
1480226300,Chasing Beautiful,Pamela Ann,,2012,True
148023365X,Letting Go,Jennifer Foor,,2012-11-14,True
1480264024,Raging Love,Jennifer Foor,,2012,True
1480276855,Come Away with Me,Kristen Proby,https://covers.openlibrary.org/b/id/14452731-M.jpg,2012-11-19,True
1480278807,"Lexi, Baby",Lynda LeeAnne,,2012,True
1480297275,Every Which Way,Calia Read,,2012,True
1480529699,,,,,False
1480536466,,,,,False
1480568503,,,,,False
1481004379,Accidentally on Purpose,L. D. Davis,,2013,True
1481025988,Miss Me Not,Tiffany King,,2012,True
1481042440,Hard to Love,Kendall Ryan,https://covers.openlibrary.org/b/id/14473487-M.jpg,2013-01-09,True
1481058134,Undeniable,Madeline Sheehan,https://covers.openlibrary.org/b/id/10661953-M.jpg,"Dec 20, 2012",True
1481060139,Painted Faces,L. H. Cosway,,2012,True
1481060953,Avoiding Responsibility,K.A. Linde,,2012-11-29,True
1481100920,Deeper We Fall,Chelsea Cameron,,2013-01-12,True
148111834X,Chasing Imperfection,Pamela Ann,https://covers.openlibrary.org/b/id/12810354-M.jpg,2013,True
1481152718,Nobody's Hero,Kallypso Masters,,2012-12-13,True
1481162527,A beautiful struggle,Lilliana Anderson,https://covers.openlibrary.org/b/id/12470782-M.jpg,2013,True
148117567X,Resisting Her,Kendall Ryan,,2013-04-15,True
148120811X,,,,,False
1481212079,This Beautiful Thing,Amanda Heath,,2013,True
1481258885,A Beautiful Lie,T. E. Sivec,,2013-01-02,True
1481268503,Sometimes Never,Cheryl McIntyre,,2012-12-20,True
1481280767,A Shade Of Vampire,Bella Forrest,https://covers.openlibrary.org/b/id/8426262-M.jpg,"Dec 17, 2012",True
1481406701,Sometimes It Lasts,Abbi Glines,https://covers.openlibrary.org/b/id/13226581-M.jpg,June 2014,True
1481802119,Scornfully Yours (Torn) (Volume 1),Pamela Ann,,2013-03-22,True
1481802224,Lily's Mistake,Pamela Ann,https://covers.openlibrary.org/b/id/14491104-M.jpg,2013-03-22,True
1481841009,Never Have I Ever,August Clearwing,,2013,True
1481866842,Beautiful Forever,Lilliana Anderson,,2013,True
148188607X,Tear,Rachel Van Dyken,https://covers.openlibrary.org/b/id/12474237-M.jpg,2012,True
148188669X,Rocked Under,Cora Hawkes,,2013,True
1481896857,Mid Life Love,Whitney G.,,2013,True
1481901907,Running on Empty,L. B. Simmons,,2013,True
1481909282,Escorted,Claire Kent,https://covers.openlibrary.org/b/id/10838357-M.jpg,"Jan 09, 2013",True
1481931628,Bent,H. B. Heinzer,,2013,True
1481936603,There Is No Light in Darkness,Claire Contreras,,2013,True
1481948997,Dirty Red,Tarryn Fisher,,2013,True
1481953214,Relentless,Cassia Leo,https://covers.openlibrary.org/b/id/10513702-M.jpg,"Feb 20, 2013",True
1481955306,Ruining Me,Nicole Reed,,2013,True
1481957597,Never Forget,Emma Hart,https://covers.openlibrary.org/b/id/10320889-M.jpg,"Feb 12, 2013",True
1481960741,The Proposal,Katie Ashley,,"Jan 18, 2013",True
1481962116,Ruining You,Nicole Reed,,2013,True
1481968890,Mending,J. B. McGee,,2012,True
1481976303,Wanting More,Jennifer Foor,,2013-01-15,True
1481984071,Phoenix Rockstar,Bec Botefuhr,https://covers.openlibrary.org/b/id/14506412-M.jpg,2013-01-14,True
1481987712,LUKE,Cassia Leo,,2013,True
1481988867,Emancipating Andie,Priscilla Glenn,,2013,True
1481999842,Scandalous,H. M. Ward,,2013,True
1482012294,Remember When,T. Torrest,,2013-03-06,True
1482015560,Deceived - Part 1 New York,Eve Carter,,2013-01-19,True
1482016931,Dark Light,S. L. Jennings,,2013,True
1482063557,Broken at love,Lyla Payne,https://covers.openlibrary.org/b/id/11797568-M.jpg,2013,True
1482084007,Close Up and Personal,JS Taylor,,"Jan 21, 2013",True
148230810X,Beg,C. D. Reiss,,2013,True
148231312X,Going under,S. Walden,https://covers.openlibrary.org/b/id/12163271-M.jpg,2013,True
1482318687,Checkmate,R.L. Mathewson,,"Jan 30, 2013",True
1482319055,True Love Story,Willow Aster,,2013,True
1482332574,Fight With Me,Kristen Proby,https://covers.openlibrary.org/b/id/10497766-M.jpg,"Feb 06, 2013",True
1482333139,Plastic Hearts,Lisa De Jong,,2013,True
148234873X,Beauty From Pain,Georgia Cates,https://covers.openlibrary.org/b/id/10837842-M.jpg,"Feb 26, 2013",True
1482524058,Fall Guy,Liz Reinhardt,https://covers.openlibrary.org/b/id/13071606-M.jpg,2013,True
1482524759,Tangled Beauty,K. L. Middleton,https://covers.openlibrary.org/b/id/11063864-M.jpg,"Feb 18, 2013",True
1482529858,Avoiding Intimacy,K. A. Linde,,2013,True
1482571145,Pull,Rachel Van Dyken,,2013,True
1482594129,Waiting for You,Shey Stahl,,2013,True
1482596709,Scandalous,H. M. Ward,,2013,True
148261376X,The arrangement,H. M. Ward,https://covers.openlibrary.org/b/id/12488538-M.jpg,2013,True
1482628961,The arrangement,H. M. Ward,https://covers.openlibrary.org/b/id/12815814-M.jpg,2013,True
1482632462,Fighting for Flight,J. B. Salsbury,,2013,True
1482640058,Battlescars,Sophie Monroe,,2013,True
1482652226,Shattered Promises,Jessica Sorensen,https://covers.openlibrary.org/b/id/10203490-M.jpg,"Feb 27, 2013",True
1482658143,A Different Blue,Amy Harmon,,"Mar 22, 2013",True
148265864X,After Math,Denise Grover Swank,https://covers.openlibrary.org/b/id/10637206-M.jpg,"Mar 10, 2013",True
1482680858,Bullet,Jade C. Jamison,,2013-03-09,True
1482687240,Demon at My Door,Michelle A. Valentine,,2013,True
1482692163,Belong To You,Vi Keeland,https://covers.openlibrary.org/b/id/10606488-M.jpg,"Apr 03, 2013",True
1482718529,Moving Forward,Erika Taylor,,2013,True
1482747634,Surrender Your Love,J. C. Reed,https://covers.openlibrary.org/b/id/7279189-M.jpg,March 11th 2013,True
1482767775,Wanted,Kimberly Knight,,2013-03-27,True
148276895X,Playing Patience,Tabatha Vargo,https://covers.openlibrary.org/b/id/11155465-M.jpg,"Apr 24, 2013",True
1482772973,Present perfect,Alison G. Bailey,https://covers.openlibrary.org/b/id/12718470-M.jpg,2013,True
1482776472,Translation of Love,Alice Montalvo-Tribue,,2013,True
1482791285,Breaking the Wrong,Calia Read,,2013,True
1482792621,Play with Me,Kristen Proby,,2013,True
1483901890,Dark Prince,S. L. Jennings,,2013,True
148390329X,The Love Game,Emma Hart,https://covers.openlibrary.org/b/id/10320895-M.jpg,"Apr 19, 2013",True
1483912647,Wide Awake,Shelly Crane,,2013,True
148391366X,Secrets,H. M. Ward,,2013,True
1483918432,Picture Perfect,Alessandra Thomas,,2013,True
1483918777,The Bet,Rachel Van Dyken,https://covers.openlibrary.org/b/id/8994531-M.jpg,2013-03-28,True
1483920607,Find You in the Dark,A. Meredith Walters,https://covers.openlibrary.org/b/id/10331991-M.jpg,2013-05-08,True
1483935906,Every Rose,Lynetta Halat,,2013,True
1483940993,Wreck Me,J. L. Mac,,2013,True
1483948978,Flat-Out Matt,Jessica Park,https://covers.openlibrary.org/b/id/14466903-M.jpg,2013-04-02,True
1483966763,Music of the heart,Katie Ashley,https://covers.openlibrary.org/b/id/12822827-M.jpg,2013,True
148398348X,Caught up in Us,Lauren Blakely,,2013,True
148398527X,Pieces of you,Cassia Leo,https://covers.openlibrary.org/b/id/8218770-M.jpg,2014,True
1483998819,,,,,False
1484013387,Rock the Band,Michelle A. Valentine,,2013,True
1484021959,Locked,Maya Cross,,"Oct 22, 2013",True
148403726X,For you,Mimi Strong,https://covers.openlibrary.org/b/id/12808800-M.jpg,2013,True
1484038487,On Every Street,Karina Halle,,2013-04-08,True
1484043596,Trying Not to Love You,Megan Smith,,2013,True
1484050371,No Attachments,Tiffany King,https://covers.openlibrary.org/b/id/11686779-M.jpg,2013,True
1484053699,Second Chance Boyfriend,Monica Murphy,https://covers.openlibrary.org/b/id/7770457-M.jpg,2013-04-05,True
1484055268,Trophy Husband,Lauren Blakely,,2013,True
1484068769,Because of You (Playing with Fire),T.E. Sivec,,2013-04-29,True
1484076168,Blasphemous,Pamela Ann,,2013,True
1484085906,Let Love In,Melissa Collins,,2013-05-16,True
148410630X,Where the Ivy Grows,S. Quinn,,2013,True
1484109724,Smitten,Lacey Weatherford,,2013,True
1484118782,In the Stillness,Andrea Randall,,2013-04-10,True
1484120906,Until I Break,M. Leighton,,2013,True
1484125460,Elite,Rachel Van Dyken,,2013,True
1484131622,Upside of Letting Go,Nacole Stayton,,2013,True
1484148037,Lost and Found,Nicole Williams,https://covers.openlibrary.org/b/id/10861299-M.jpg,"May 07, 2013",True
1484185064,Breathe into Me,Amanda Stone,,2013,True
1484802039,"Take Care, Sara",Lindy Zart,,2013,True
1484807944,Rock with me,Kristen Proby,https://covers.openlibrary.org/b/id/10802650-M.jpg,2013,True
1484813642,IVAN,Roxie Rivera,https://covers.openlibrary.org/b/id/10483323-M.jpg,2013,True
1484816064,Epilogue,C. J. Roberts,,2013-06-11,True
1484817095,Entice,Ella Frank,,2013,True
148482606X,Rock My Bed,Michelle A. Valentine,,2013-04-22,True
1484835263,Girl with guitar,Caisey Quinn,https://covers.openlibrary.org/b/id/12967247-M.jpg,2013,True
1484842812,Blind Attraction,Eden Summers,https://covers.openlibrary.org/b/id/11977575-M.jpg,"Apr 28, 2013",True
1484854152,The Berkeley Method,JS Taylor,,2013-03-19,True
148485828X,Don't Hate the Player... Hate the Game,Katie Ashley,,2013,True
1484861280,Restore Me,J. L. Mac,,2013,True
1484865510,Light in the Shadows (a Find You in the Dark Novel),A. Meredith Walters,,2013-05-15,True
1484889029,Beg Tease Submit - Sequence One,C. D. Reiss,,2013,True
1484890450,Forget Me Not,Sarah Daltry,,2013,True
1484909917,Last Boyfriend,J. S. Cooper,,2013,True
1484920066,Knight and Stay,Kitty French,,2013,True
1484920147,Knight and Play,Kitty French,https://covers.openlibrary.org/b/id/10541131-M.jpg,"Sep 26, 2013",True
1484924886,Because You're Mine,K. Langston,,2013,True
1484931963,Forever You,Sandi Lynn,,"Jun 04, 2013",True
1484966554,Chase,Chantal Fernando,,2013,True
1484967836,Saving Dallas,Kim Jones,,2013,True
1484968042,We Are Made of Stardust,Mimi Strong,,2013,True
1484972090,Safe Word,Teresa Mummert,,2013,True
1484988833,Forgiven,J. B. McGee,,2013,True
1484994566,Emerge,S.E.Hall,,2013,True
148950995X,Afflicted,Sophie Monroe,,2013,True
1489515607,That First Kiss,J. C. Valentine,,2013,True
1489515690,Breathless,Eve Carter,,2013,True
1489516948,Cautious,E L Montes,,2013-06-04,True
1489519106,Impact of You,Kendall Ryan,,2013,True
1489521534,Unbeautifully,Madeline Sheehan,,2013,True
1489528865,Skin Deep (Skin Deep #1),J.M. Stone,,2013-04-26,True
1489536213,Recovery,L.B. Simmons,,2013-06-12,True
148953993X,Watch over Me,Tara Sivec,,2013,True
1489553207,Unbreakable,Rebecca Shea,https://covers.openlibrary.org/b/id/12040308-M.jpg,"Jul 19, 2013",True
1489554408,Taming the Bachelor,M. J. Carnal,,2013,True
1489555293,Something great,Clarke Mr,https://covers.openlibrary.org/b/id/12712973-M.jpg,2013,True
148956621X,Inevitable,Angela Graham,https://covers.openlibrary.org/b/id/10866702-M.jpg,"May 25, 2013",True
1489570799,Love Plus One,Andrea Smith,,2013,True
1489578765,Private Message,Danielle Torella,,2013,True
1489591095,Beauty from surrender,Georgia Cates,https://covers.openlibrary.org/b/id/12686270-M.jpg,2013,True
1490310835,Sexy Berkeley,Dani Lovell,,2013,True
1490313281,Everything Changes,Shey Stahl,,2013,True
149031802X,Beautiful Broken Rules,Kimberly Lauren,,2013,True
149032495X,Made for You,Vi Keeland,,2013,True
149033274X,Conquer Your Love,J.C. Reed,https://covers.openlibrary.org/b/id/11381301-M.jpg,"Jun 11, 2013",True
149033730X,Before Now,Cheryl McIntyre,,2013,True
1490339973,Leo,Mia Sheridan,https://covers.openlibrary.org/b/id/12016029-M.jpg,2013-06-12,True
1490368574,Darkness Before Dawn,Claire Contreras,https://covers.openlibrary.org/b/id/11104325-M.jpg,"Jun 08, 2013",True
1490381716,Leo's Chance,Mia Sheridan,https://covers.openlibrary.org/b/id/12249919-M.jpg,2013,True
1490383395,Delayed Penalty,Shey Stahl,,2013,True
1490392602,Let Love Stay,Melissa Collins,,2013,True
1490401822,Surviving Raine,Shay Savage,https://covers.openlibrary.org/b/id/12373927-M.jpg,"Jun 20, 2013",True
149040399X,Promise Me,Barbie Bohrman,https://covers.openlibrary.org/b/id/10857051-M.jpg,"Jun 11, 2013",True
1490412727,Bad rep,A. Meredith Walters,https://covers.openlibrary.org/b/id/12994180-M.jpg,2013,True
1490417737,Scars and Songs,Christine Zolendz,,2013,True
1490418547,Stay with Me,Elyssa Patrick,,2013,True
149041925X,Picturing Perfect,Melissa Brown,,2013,True
1490424601,Love Love,Beth Michele,,2013,True
1490425071,Playing for Keeps,Emma Hart,https://covers.openlibrary.org/b/id/10320890-M.jpg,"Jun 13, 2013",True
1490425497,In a Heartbeat,Hilary Storm,,2013,True
149043013X,Pulse,Gail McHugh,https://covers.openlibrary.org/b/id/12899889-M.jpg,2013,True
1490436529,Killing Sarai,J. A. Redmerski,https://covers.openlibrary.org/b/id/11571096-M.jpg,2013,True
1490439838,Saltwater Kisses,Krista Lakes,https://covers.openlibrary.org/b/id/14514761-M.jpg,2013-06-22,True
1490449647,Light in the Wound,Christine Brae,,2013,True
1490471103,Forever Black,Sandi Lynn,https://covers.openlibrary.org/b/id/11105203-M.jpg,"Jun 20, 2013",True
1490487190,Wicked Games,Jill Myles,,2013,True
1490490639,Escape from Paradise,Gwendolyn Field,,2013,True
1490506853,Savor You,Emily Snow,,2013-07-18,True
1490515011,The Last Husband,J. S. Cooper,,2013-07-04,True
1490559175,Bully,Penelope Douglas,https://covers.openlibrary.org/b/id/15206308-M.jpg,2013,True
1490560432,,,,,False
1490568530,Unbroken,Melody Grace,https://covers.openlibrary.org/b/id/10318155-M.jpg,2013,True
1490572082,Underestimated,Jettie Woodruff,,2013,True
1490596801,Search Me,Katie Ashley,,2013,True
1490906134,Wake up Call,Victoria Ashley,,2013-08-08,True
1490916636,More Than This,Jay Mclean,,2013,True
1490922423,Mourning After,Adriane Leigh,,2013,True
1490940499,When You're Ready,J. Berg,,2013,True
1490943781,Love In Between,Sandi Lynn,https://covers.openlibrary.org/b/id/10409690-M.jpg,"Sep 05, 2013",True
1490943846,Forever Us,Sandi Lynn,https://covers.openlibrary.org/b/id/11105225-M.jpg,"Nov 26, 2013",True
1490946810,Axel,Harper Sloan,https://covers.openlibrary.org/b/id/13560319-M.jpg,2013-07-07,True
1490962050,So Much It Hurts,Melanie Dawn,,2013,True
149097136X,Good,S. Walden,https://covers.openlibrary.org/b/id/10872260-M.jpg,"Aug 26, 2013",True
1490974377,Rock My World,Michelle A. Valentine,,2013,True
1490984798,Living Again,L. Collins,,2013,True
149099792X,Playing with Her Heart,Lauren Blakely,,2013,True
1490997954,Undescribable,Shantel Tessier,https://covers.openlibrary.org/b/id/14631977-M.jpg,"July 22, 2013",True
1491001011,Fallen Crest Family,Tijan,https://covers.openlibrary.org/b/id/11980510-M.jpg,2013,True
1491002786,,,,,False
1491006919,Fear of falling,S. L. Jennings,https://covers.openlibrary.org/b/id/12834661-M.jpg,2013,True
1491008113,Conversion,S. C. Stephens,,2013,True
1491038357,Learning to Live,R. D. Cole,,2013,True
1491039701,Ruined,S. Pratt,,2013,True
1491040300,Perfecting Patience,Tabatha Vargo,,2013,True
1491052295,Starlight,Mimi Strong,,"Sep 02, 2013",True
149105476X,Spark,Brooke Cumberland,,2013-07-30,True
1491068116,Cake,Nicole Reed,,2013,True
1491072032,Bring me home,Cassia Leo,https://covers.openlibrary.org/b/id/8229554-M.jpg,2013,True
1491090561,Who He Is,S. Q. Williams,,2013,True
1491091673,Man of My Dreams,Faith Andrews,https://covers.openlibrary.org/b/id/14494161-M.jpg,2013-09-15,True
1491092440,Broken and Screwed,Tijan,https://covers.openlibrary.org/b/id/10839201-M.jpg,"Jul 26, 2013",True
1491095555,Anything Like Me,Kimberly Knight,,2013-07-22,True
1491208295,Thief,Tarryn Fisher,https://covers.openlibrary.org/b/id/14525177-M.jpg,2013,True
1491230592,Girl on tour,Caisey Quinn,https://covers.openlibrary.org/b/id/12956589-M.jpg,2013,True
1491232986,Easy to Love You,Megan Smith,,2013,True
1491253002,Unexpected Angel,Sloan Johnson,,2013,True
1491263849,Into the Deep,Samantha Young,,"Aug 08, 2013",True
1491269650,Beneath the Burn,Pam Godwin,https://covers.openlibrary.org/b/id/14294902-M.jpg,"Aug 02, 2013",True
1491272201,Keep Me Still,Caisey Quinn,https://covers.openlibrary.org/b/id/10938385-M.jpg,"Aug 01, 2013",True
1491274204,Ambrosia,Erin Noelle,https://covers.openlibrary.org/b/id/12877199-M.jpg,2013,True
1491276029,Blind Obsession,Ella Frank,,2013,True
1491291419,Pretty Little Things,Teresa Mummert,,2014,True
1491291699,,,,,False
1491296518,Price of a Kiss,Linda Kage,,2013,True
1492103748,Tears of Tess,Pepper Winters,https://covers.openlibrary.org/b/id/10522104-M.jpg,"Sep 01, 2013",True
1492108421,Love and Lists,Tara Sivec,,2013,True
1492110221,Untangle Me,Chelle Bliss,,2013,True
1492121169,Ruin,Rachel Van Dyken,https://covers.openlibrary.org/b/id/10104413-M.jpg,"Aug 11, 2013",True
149214889X,Freefall,Tess Oliver,,2013,True
1492164429,Craving Constellations,Nicole Jacquelyn,https://covers.openlibrary.org/b/id/10668493-M.jpg,"Sep 20, 2013",True
1492186775,Welcome to Sugartown,Carmen Jenner,https://covers.openlibrary.org/b/id/12474752-M.jpg,2013,True
1492192112,Touch Me,T. H. Snyder,,2013,True
1492206083,Everything I've Never Had,Lynetta Halat,,2013,True
1492254398,Mine To Take,Cynthia Eden,https://covers.openlibrary.org/b/id/10606603-M.jpg,"Sep 09, 2013",True
1492259667,Mirage,Ashley Suzanne,https://covers.openlibrary.org/b/id/12474153-M.jpg,2013,True
1492265225,Hell's Knights,Bella Jewel,https://covers.openlibrary.org/b/id/12374719-M.jpg,"Aug 19, 2013",True
1492286966,"Smart, Sexy and Secretive",Tammy Falkner,https://covers.openlibrary.org/b/id/14657336-M.jpg,2013,True
1492293296,Shattered Ties,K.A. Robinson,,2013-11-05,True
1492301205,Cherry Girl,Raine Miller,,2013-12-25,True
1492305413,Quintessentially Q,Pepper Winters,https://covers.openlibrary.org/b/id/9427251-M.jpg,"Dec 11, 2013",True
1492306509,Tattered Love,Lola Stark,,2013,True
1492323039,Broken and Screwed 2,Tijan,,2013,True
1492338141,Crazy Beautiful Love,J. S. Cooper,,2013,True
1492343846,Alluring Turmoil,Skye Turner,,2013,True
1492350915,Beautifully Awake,Riley Mackenzie,,2013,True
1492351024,Don't Let Go,Michelle Lynn,,2013,True
1492353558,Finders Keepers,Nicole Williams,https://covers.openlibrary.org/b/id/13769867-M.jpg,"Sep 17, 2013",True
149236522X,Worth the Fight,Vi Keeland,,2013,True
1492371289,Consumed,Skyla Madi,,2013,True
1492375675,Cage,Harper Sloan,,2013,True
1492706671,Starfire,Mimi Strong,,2013,True
1492707619,Trust Me,Melanie Walker,,2013,True
149271397X,Finding You,S. Hartley,,2013,True
1492740357,Until November,Aurora Rose Reynolds,https://covers.openlibrary.org/b/id/11117922-M.jpg,"Sep 15, 2013",True
1492760994,Irreplaceable,Angela Graham,,2013,True
1492764167,Safe with me,Kristen Proby,https://covers.openlibrary.org/b/id/11397668-M.jpg,2013,True
1492767891,Unteachable,Elliot Wake,https://covers.openlibrary.org/b/id/12961593-M.jpg,2013,True
1492769339,Moore to Lose,Julie Richman,,2013,True
1492784184,When It Rains,Lisa De Jong,https://covers.openlibrary.org/b/id/12392070-M.jpg,"Oct 10, 2013",True
1492784370,Conflicted (Battlescars III),Sophie Monroe,,2013,True
1492787701,Nothing Left to Lose,Kirsty Moseley,https://covers.openlibrary.org/b/id/11506284-M.jpg,"Nov 05, 2013",True
1492788678,Reckless,Skye Jordan,https://covers.openlibrary.org/b/id/11202680-M.jpg,"Aug 23, 2013",True
1492793639,Lockout (The Alpha Group Trilogy #2),Maya Cross,,2013-09-22,True
1492805831,Rocker That Loves Me,Terri Anne Browning,,2013,True
149280584X,Under the Mistletoe with Me,Kristen Proby,,2012,True
1492809438,Unlocked (the Alpha Group Trilogy #3),Maya Cross,,2013,True
1492812080,Stinger,Mia Sheridan,https://covers.openlibrary.org/b/id/13939440-M.jpg,2013,True
1492827436,Fighting to Forgive,J. B. Salsbury,,2013,True
1492828211,Heaven's Sinners,Bella Jewel,,2013,True
1492884685,The Thrill of It,Lauren Blakely,https://covers.openlibrary.org/b/id/10848185-M.jpg,"Nov 21, 2013",True
1492886181,Treasure your love,J. C. Reed,https://covers.openlibrary.org/b/id/11701553-M.jpg,2013,True
1492888095,,,,,False
1492893900,Sweet Surrendering,Chelsea M. Cameron,,2013-10-11,True
1492904260,Maybe This Time,Chantal Fernando,,2013,True
1492908495,Carter Reed,Tijan,,2013,True
1492940003,The sweetest game,J. Sterling,https://covers.openlibrary.org/b/id/13906905-M.jpg,2013,True
1492955949,Hers,Dawn Robertson,,2013,True
1492973327,Long After,Cheryl McIntyre,https://covers.openlibrary.org/b/id/7279895-M.jpg,October 14th 2013,True
1492976423,Making Faces,Amy Harmon,,"Oct 20, 2013",True
149298079X,Sweet Home,Tillie Cole,https://covers.openlibrary.org/b/id/12393676-M.jpg,"Oct 13, 2013",True
1492998214,Abandon,Cassia Leo,,2014,True
1493511459,Beat of the Heart,Katie Ashley,,2013,True
1493530682,Coming home,Priscilla Glenn,https://covers.openlibrary.org/b/id/12735048-M.jpg,2013,True
1493539493,Running in Place,L. B. Simmons,,2013,True
149353985X,Sing,Cd Reiss,,2013,True
1493584154,Fraternizing,C. Brown,,2013,True
1493625489,The Boss,Abigail Barnette,https://covers.openlibrary.org/b/id/10868753-M.jpg,"Nov 03, 2013",True
1493626655,Fallen Crest Public,Tijan,,2013,True
1493632639,Seize Me,Crystal Spears,,2013,True
1493632876,Rock the Beat,Michelle A. Valentine,,2013,True
1493643274,Until Trevor,Aurora Rose Reynolds,https://covers.openlibrary.org/b/id/13004487-M.jpg,2013,True
1493649779,Room for You,Beth Ehemann,https://covers.openlibrary.org/b/id/13113711-M.jpg,2013,True
1493659472,Withstanding Me,Crystal Spears,,2013,True
1493671898,Marked : Part I,J. M. Sevilla,,2013,True
1493673580,Better,S. Walden,,2013,True
1493752650,Trouble,Samantha Towle,https://covers.openlibrary.org/b/id/8470897-M.jpg,"Nov 17, 2013",True
1493763121,Sex Love Repeat,Alessandra Torre,,2013,True
1493768824,Black box,Cassia Leo,https://covers.openlibrary.org/b/id/12545006-M.jpg,2013,True
1493773445,Hard to Love You,Megan Smith,,2013,True
1493788868,Try,Ella Frank,https://covers.openlibrary.org/b/id/10363031-M.jpg,"Nov 09, 2013",True
1494204339,Catch Me,Claire Contreras,,2013,True
149421590X,,,,,False
1494226405,,,,,False
149423355X,,,,,False
1494244381,Wrecked,Priscilla West,,2013-12-11,True
1494282011,Jake Undone,Penelope Ward,https://covers.openlibrary.org/b/id/11982621-M.jpg,"Oct 20, 2013",True
1494286084,Tainted,K. A. Robinson,https://covers.openlibrary.org/b/id/10811768-M.jpg,2014,True
1494289105,,,,,False
149429169X,Gemini,Penelope Ward,https://covers.openlibrary.org/b/id/12596848-M.jpg,"May 23, 2013",True
1494297523,Reviving Izabel,J. A. Redmerski,,2013,True
1494374560,Vip,M. Robinson,,2013,True
1494376644,Being Julia,Sandi Lynn,https://covers.openlibrary.org/b/id/11122515-M.jpg,"Dec 17, 2013",True
1494407752,Bound,Brenda Rothert,https://covers.openlibrary.org/b/id/12392975-M.jpg,"Dec 08, 2013",True
1494443252,When I Break,Kendall Ryan,,2014-02-18,True
149446747X,Seeing Stars,J. Sterling,https://covers.openlibrary.org/b/id/9008953-M.jpg,"Mar 13, 2014",True
1494469170,One to Hold,Tia Louise,https://covers.openlibrary.org/b/id/9033565-M.jpg,"Oct 08, 2013",True
1494482320,Alluring Seduction,Skye Turner,,2013,True
1494488558,,,,,False
1494714361,Two to Tango,Mimi Strong,https://covers.openlibrary.org/b/id/9007472-M.jpg,"Jan 17, 2014",True
1494722631,,,,,False
1494724693,Until Lilly,Aurora Rose Reynolds,,2014,True
149473592X,Beck,Harper Sloan,https://covers.openlibrary.org/b/id/13831757-M.jpg,2013-12-27,True
1494751534,Rare and Precious Things,Raine Miller,,2014-02-28,True
1494755610,Too Consumed,Skyla Madi,https://covers.openlibrary.org/b/id/9007269-M.jpg,"Jan 06, 2014",True
1494774305,Forever Ours,Cassia Leo,,2014,True
1494783827,Lucky Number Four,Amanda Jason,,2014,True
1494794357,Changing His Game,Justine Elvira,,2014,True
1494807017,Never Been Ready,J. Berg,,2014,True
149484172X,Ravage Me (Ravage MC #1),Ryan Michele,,2014,True
1494851636,Passion and ponies,Tara Sivec,https://covers.openlibrary.org/b/id/12842395-M.jpg,2014,True
1494852039,Lie Next To Me,Sandi Lynn,https://covers.openlibrary.org/b/id/10607070-M.jpg,"Feb 17, 2014",True
1494875713,Conflicted Love,Lola Stark,https://covers.openlibrary.org/b/id/11965100-M.jpg,2013,True
1494931451,Worth the Chance,Vi Keeland,,2014,True
1494937115,Keep Me,Faith Andrews,,2014-01-07,True
1494957612,Fierce,Clarissa Wild,https://covers.openlibrary.org/b/id/14632259-M.jpg,"January 25, 2014",True
1494962772,Undone,Rebecca Shea,https://covers.openlibrary.org/b/id/11394146-M.jpg,2014,True
149499738X,Every Second With You,Lauren Blakely,https://covers.openlibrary.org/b/id/10857358-M.jpg,"Feb 10, 2014",True
1495200388,All the Pretty Poses,M. Leighton,https://covers.openlibrary.org/b/id/10289626-M.jpg,"Jan 13, 2014",True
1495269655,Twisted ties,K. A. Robinson,https://covers.openlibrary.org/b/id/10981856-M.jpg,2014,True
1495281078,,,,,False
1495300978,Unravel,Calia Read,https://covers.openlibrary.org/b/id/12668805-M.jpg,2014,True
1495307352,Raw,Belle Aurora,https://covers.openlibrary.org/b/id/14590759-M.jpg,2014,True
1495327515,Fighting Temptation,K. C. Lynn,https://covers.openlibrary.org/b/id/10503051-M.jpg,"Jan 19, 2014",True
1495340600,More than him,Jay McLean,https://covers.openlibrary.org/b/id/12655011-M.jpg,2014,True
1495356744,Changing Course,Aly Martinez,,2014-01-26,True
1495373959,Sweet Rome,Tillie Cole,https://covers.openlibrary.org/b/id/12393674-M.jpg,"Jan 28, 2014",True
149539090X,Archer's Voice,Mia Sheridan,https://covers.openlibrary.org/b/id/15099842-M.jpg,2014-01-25,True
1495416046,Transcendence,Shay Savage,https://covers.openlibrary.org/b/id/13240019-M.jpg,2014,True
149542118X,Therapy,Kathryn Perez,https://covers.openlibrary.org/b/id/12754834-M.jpg,2015,True
1495423786,Carnage,Lesley Jones,,2014,True
1495459225,Seven Sons (Gypsy Brothers) (Volume 1),Lili Saint Germain,,2014-01-05,True
1495472418,Interview with a master,Jason Luke,,2014,True
1495480534,Revenge,J J Knight,https://covers.openlibrary.org/b/id/9008060-M.jpg,"Feb 10, 2014",True
1495498530,Tattooed Dots,Kimberly Knight,https://covers.openlibrary.org/b/id/9008476-M.jpg,"Feb 13, 2014",True
1495912183,Moore Than Forever,Julie Richman,,2014,True
1495925927,This Regret,Victoria Ashley,,2014,True
1495927857,Deviant,Callie Hart,https://covers.openlibrary.org/b/id/11520339-M.jpg,"Feb 12, 2014",True
149594123X,Front & center,A. M. Madden,https://covers.openlibrary.org/b/id/12827070-M.jpg,2014,True
1495960234,The Ex Games,J. S. Cooper,https://covers.openlibrary.org/b/id/15095196-M.jpg,2014,True
1495960390,The Ex Games,J. S. Cooper,https://covers.openlibrary.org/b/id/10753535-M.jpg,2014,True
1495979237,Consequences of Deception,Ella Fox,,2014,True
149600082X,Rescued,Priscilla West,https://covers.openlibrary.org/b/id/12876135-M.jpg,2014,True
149600938X,Pairing,Katie Ashley,,2014-02-23,True
1496010299,Music of the Soul,Katie Ashley,https://covers.openlibrary.org/b/id/10427011-M.jpg,"Dec 30, 2013",True
1496015703,Craving Redemption,Nicole Jacquelyn,,2014,True
1496026063,Tied With Me,Kristen Proby,https://covers.openlibrary.org/b/id/7274843-M.jpg,March 18th 2014,True
1496088018,Deliver,Pam Godwin,https://covers.openlibrary.org/b/id/10452273-M.jpg,"Feb 26, 2014",True
149610692X,Spin,CD Reiss,https://covers.openlibrary.org/b/id/13116748-M.jpg,"Mar 12, 2014",True
1496109686,When I Surrender,Kendall Ryan,,2014,True
1496116151,Enjoy Your Stay,Carmen Jenner,https://covers.openlibrary.org/b/id/11481096-M.jpg,2014,True
1496129628,Frenched,Melanie Harlow,https://covers.openlibrary.org/b/id/10191637-M.jpg,"Mar 24, 2014",True
1496135393,Broken Wings,Erika Ashby,,2014,True
1496145437,Uncaged,Harper Sloan,https://covers.openlibrary.org/b/id/14528499-M.jpg,2014-03-07,True
1496146239,Destroyed,Pepper Winters,https://covers.openlibrary.org/b/id/10672270-M.jpg,"Mar 04, 2014",True
1496177029,Private Club,J. S. Cooper,,2014,True
149617707X,Beauty from Love,Georgia Cates,,2014,True
1497382742,Fighting to Forget,J. B. Salsbury,,2014,True
1497383730,,,,,False
1497394333,Strings of the heart,Katie Ashley,https://covers.openlibrary.org/b/id/13026825-M.jpg,2014,True
1497435900,KNOX,Cassia Leo,https://covers.openlibrary.org/b/id/11392891-M.jpg,2014,True
149744814X,Out of the Shallows,Samantha Young,,"Apr 02, 2014",True
1497454999,"Love, in English",Karina Halle,https://covers.openlibrary.org/b/id/13174454-M.jpg,2014-04-20,True
1497455049,Mud Vein,Tarryn Fisher,https://covers.openlibrary.org/b/id/10715966-M.jpg,"Mar 08, 2014",True
149745901X,Room for more,Beth Ehemann,https://covers.openlibrary.org/b/id/10802887-M.jpg,2014,True
1497497132,Throttle Me,Chelle Bliss,,2014,True
1497572207,Night after Night,Lauren Blakely,https://covers.openlibrary.org/b/id/10918046-M.jpg,2014-04-12,True
1497572320,After This Night,Lauren Blakely,https://covers.openlibrary.org/b/id/14627405-M.jpg,2014-05-12,True
1497585368,Monster in His Eyes,J.M. Darhower,https://covers.openlibrary.org/b/id/14809938-M.jpg,"Apr 27, 2014",True
1499108826,Beautiful Ink,Nicole Reed,https://covers.openlibrary.org/b/id/9006533-M.jpg,"Apr 09, 2014",True
1499113129,Against All Odds,Angie McKeon,,2014,True
1499142978,Bender,Stacy Borel,https://covers.openlibrary.org/b/id/8993599-M.jpg,"Apr 18, 2014",True
1499190433,Phenomenal X,Michelle A. Valentine,https://covers.openlibrary.org/b/id/7291063-M.jpg,April 19th 2014,True
1499195303,,,,,False
1499198825,Gorgeous Chaos,T. K. Leigh,,2014,True
1499290942,The Resurrection of Aubrey Miller,L.B. Simmons,,2014-05-08,True
1499291019,"It Ain't Me, Babe",Tillie Cole,https://covers.openlibrary.org/b/id/10451819-M.jpg,"Apr 27, 2014",True
1499324855,Taming the Storm,Samantha Towle,https://covers.openlibrary.org/b/id/10318325-M.jpg,"Jul 01, 2014",True
149934306X,Entice,Rachel Van Dyken,https://covers.openlibrary.org/b/id/12496779-M.jpg,"May 05, 2014",True
1499382642,Perfectly Damaged,E L Montes,,2014-05-14,True
149958492X,Bend,K. Bromberg,,2014,True
1499646704,Flat-out Celeste,Jessica Park,https://covers.openlibrary.org/b/id/12802080-M.jpg,2014,True
1499679106,Beloved,Corinne Michaels,https://covers.openlibrary.org/b/id/8992344-M.jpg,"May 30, 2014",True
1499707975,Scoring Wilder,R. S Grey,https://covers.openlibrary.org/b/id/10107896-M.jpg,"Jun 26, 2014",True
1499752822,Twisted Together,Pepper Winters,https://covers.openlibrary.org/b/id/10841092-M.jpg,"Jun 01, 2014",True
1499764529,My Skylar,Penelope Ward,https://covers.openlibrary.org/b/id/12553030-M.jpg,"Jun 02, 2014",True
149979178X,Burned,Tara Sivec,https://covers.openlibrary.org/b/id/12587926-M.jpg,"Jun 05, 2014",True
1500167886,,,,,False
1500196169,Dirty Angels,Karina Halle,https://covers.openlibrary.org/b/id/10473785-M.jpg,"Jun 14, 2014",True
1500260290,Cooper,Harper Sloan,,2014,True
1500417483,Rhett,J. S. Cooper,,2014,True
1605045535,Unleashed,Cherrie Lynn,https://covers.openlibrary.org/b/id/10491982-M.jpg,"Feb 02, 2010",True
1609280806,Rock Me,Cherrie Lynn,https://covers.openlibrary.org/b/id/11009988-M.jpg,2011,True
1612186009,Crazy Little Thing,Tracy Brogan,https://covers.openlibrary.org/b/id/9073894-M.jpg,2012,True
1617980218,Existence,Abbi Glines,,2012-04-10,True
1619215020,Leave Me Breathless,Cherrie Lynn,,2013,True
1620151731,The Dark Light of Day,T.M. Frazier,https://covers.openlibrary.org/b/id/8936146-M.jpg,"Sep 16, 2013",True
1620610078,Obsidian,Jennifer L. Armentrout,https://covers.openlibrary.org/b/id/13133752-M.jpg,2012,True
1620610094,Opal,Jennifer L. Armentrout,https://covers.openlibrary.org/b/id/13133710-M.jpg,2012,True
1620610116,Onyx,Jennifer L. Armentrout,https://covers.openlibrary.org/b/id/14417082-M.jpg,2012,True
1620612461,Extreme Love,Abby Niles,https://covers.openlibrary.org/b/id/9384739-M.jpg,"Apr 30, 2013",True
1620612917,Seducing Cinderella,Gina L. Maxwell,https://covers.openlibrary.org/b/id/10247720-M.jpg,"Feb 26, 2013",True
1620612925,"Wrong Bed, Right Guy",Katee Robert,https://covers.openlibrary.org/b/id/13869562-M.jpg,2013,True
1622660005,,,,,False
1622660757,Origin,Jennifer L. Armentrout,,2013,True
1622668030,One Night With a Hero,Laura Kaye,https://covers.openlibrary.org/b/id/9908420-M.jpg,"Nov 13, 2012",True
1623420687,,,,,False
1623420768,Return to Poughkeepsie,Debra Anastasia,https://covers.openlibrary.org/b/id/8938515-M.jpg,"Dec 31, 2013",True
162878007X,Rock Bottom,R. K. Lilley,,2013,True
1628780096,,,,,False
1630350044,,,,,False
1630350060,The Proposition 1,H.M. Ward,https://covers.openlibrary.org/b/id/14509804-M.jpg,"Dec 02, 2013",True
1630350087,The arrangement,H. M. Ward,https://covers.openlibrary.org/b/id/10730558-M.jpg,2013,True
1630350095,,,,,False
1630350125,Proposition,H.M. Ward,,2014-01-08,True
1630350168,The arrangement,H. M. Ward,https://covers.openlibrary.org/b/id/12487666-M.jpg,2014,True
1630350184,The wedding contract,H. M. Ward,https://covers.openlibrary.org/b/id/10994511-M.jpg,2014,True
1630350192,The arrangement,H. M. Ward,https://covers.openlibrary.org/b/id/10344424-M.jpg,2014,True
1630350222,The proposition,H. M. Ward,https://covers.openlibrary.org/b/id/12734410-M.jpg,2014,True
1630350273,The Arrangement 15 (The Ferro Family) (Volume 14),H.M. Ward,,2014-06-16,True
1631420038,Twist Me,Anna Zaires,https://covers.openlibrary.org/b/id/15117745-M.jpg,"Jan 15, 2014",True
1633500004,Breathe with me,Kristen Proby,https://covers.openlibrary.org/b/id/12938632-M.jpg,2014,True
1936305062,,,,,False
1936305380,The redhead revealed,Alice Clayton,https://covers.openlibrary.org/b/id/14633021-M.jpg,05 Nov 2013,True
1936305941,Poughkeepsie,Debra Anastasia,,2011,True
1936413213,Tragic,J. A. Huss,,2013,True
1936413272,Manic,J. A. Huss,https://covers.openlibrary.org/b/id/12195978-M.jpg,2013,True
1936413310,Panic,J. A. Huss,,2013,True
1936413353,Taut,J. A. Huss,,2014,True
1937698971,The Future of Our Past,Kahlen Ames,https://covers.openlibrary.org/b/id/10874043-M.jpg,"Aug 30, 2016",True
193815018X,Forever Innocent,Deanna Roy,https://covers.openlibrary.org/b/id/10281850-M.jpg,2013-09-25,True
1938404009,Pulled,A. L. Jackson,https://covers.openlibrary.org/b/id/9066960-M.jpg,"Apr 04, 2012",True
1938404017,,,,,False
1938404270,When We Collide,A. L. Jackson,,2012,True
1938404610,Lost to You,A.L. Jackson,https://covers.openlibrary.org/b/id/9005350-M.jpg,"Jan 03, 2014",True
1938404726,,,,,False
1938623428,,,,,False
1938623452,,,,,False
1938623495,,,,,False
1938623533,"Losing Me, Finding You",C. M. Stunich,,2012,True
1938623541,Real Ugly,C. M. Stunich,https://covers.openlibrary.org/b/id/13779842-M.jpg,2013,True
1938623614,,,,,False
1938701062,Don't Forget to Remember Me,Kahlen Ames,https://covers.openlibrary.org/b/id/8916122-M.jpg,"Aug 30, 2016",True
193885733X,,,,,False
1939276136,Sinners at the Altar,Olivia Cunning,https://covers.openlibrary.org/b/id/7274595-M.jpg,March 11th 2014,True
1939392756,Frigid,J. Lynn,https://covers.openlibrary.org/b/id/13133810-M.jpg,2013,True
1939455073,Shine Not Burn,Elle Casey,https://covers.openlibrary.org/b/id/9033149-M.jpg,"Jul 03, 2013",True
1939786002,Infatuation,Nicole Edwards,,2013,True
1939786053,Captivated,Nicole Edwards,,2013,True
193978607X,Zane,Nicole Edwards,,2013,True
1939786096,Devotion,Nicole Edwards,https://covers.openlibrary.org/b/id/14458213-M.jpg,2013,True
1939786118,Travis,Nicole Edwards,https://covers.openlibrary.org/b/id/14527200-M.jpg,2013,True
1939786134,Chasing Dreams,Nicole Edwards,,2013,True
1939786150,Holidays with the Walker Brothers,Nicole Edwards,,2013,True
1939786177,Ethan,Nicole Edwards,,2014,True
1939786193,Perception,Nicole Edwards,https://covers.openlibrary.org/b/id/14505836-M.jpg,2014,True
1939786215,Entrusted,Nicole Edwards,https://covers.openlibrary.org/b/id/11986848-M.jpg,2014,True
1939927196,Love Like This,Kahlen Aymes,,2016-08-30,True
1939962315,The Billionaire's Obsession ~ Simon,J. S. Scott,,2013-04-23,True
1939962323,Heart of the Billionaire,J. S. Scott,,2013-04-27,True
1940448018,Near & Far,Nicole Williams,,"Jul 29, 2013",True
1940652073,What's Left of Me,Amanda Maxlyn,https://covers.openlibrary.org/b/id/12374240-M.jpg,2013-12-09,True
1940745322,Angel after Dark,Kahlen Aymes,,2016-08-29,True
1940832004,Fall to You,Lexi Ryan,https://covers.openlibrary.org/b/id/10511778-M.jpg,"May 29, 2014",True
1940832977,Lost In Me,Lexi Ryan,https://covers.openlibrary.org/b/id/10511828-M.jpg,"Apr 05, 2014",True
1940883121,On The Rocks,Sawyer Bennett,,"Feb 17, 2014",True
1940883148,Make It A Double,Sawyer Bennett,,"Apr 17, 2014",True
1940883172,Confessions of a Litigation God,Sawyer Bennett,https://covers.openlibrary.org/b/id/10834027-M.jpg,"May 08, 2014",True
1940941423,End of the Innocence,Alessandra Torre,,2013,True
1941098010,Forever & Always,Jasinda Wilder,https://covers.openlibrary.org/b/id/11980421-M.jpg,"Dec 18, 2013",True
1941098037,After Forever : The Ever Trilogy,Jasinda Wilder,https://covers.openlibrary.org/b/id/12371138-M.jpg,"Dec 20, 2013",True
1941098053,,,,,False
1941098096,Falling Under,Jasinda Wilder,https://covers.openlibrary.org/b/id/7279028-M.jpg,March 11th 2014,True
1941098126,Alpha,Jasinda Wilder,https://covers.openlibrary.org/b/id/10092651-M.jpg,"Apr 29, 2014",True
1941450008,,,,,False
B004S81POK,,,,,False
B004Z1GHG6,,,,,False
B005AU8KM0,,,,,False
B005IMCYVI,,,,,False
B005IYEWHA,,,,,False
B005YKC770,,,,,False
B006R6JVH4,,,,,False
B006XRM3PY,,,,,False
B007KYH3P4,,,,,False
B008AXX9CK,,,,,False
B008ETBJ5E,,,,,False
B008O0QUU2,,,,,False
B008P4LJG2,,,,,False
B009CE4TG6,,,,,False
B009FHSYSY,,,,,False
B009TU9M06,,,,,False
B009YLRDQK,,,,,False
B00A6NG154,,,,,False
B00AIBQ6P4,,,,,False
B00AIF3QD0,,,,,False
B00AKH5X4G,,,,,False
B00AMUZS3W,,,,,False
B00AND5YIM,,,,,False
B00APSWJM4,,,,,False
B00AQU7FTS,,,,,False
B00AYIDVLS,,,,,False
B00B3KPBSW,,,,,False
B00B4Y2UHW,,,,,False
B00B5XDXPA,,,,,False
B00B6LRUOG,,,,,False
B00B73H3K4,,,,,False
B00BANV988,,,,,False
B00BD2PT8M,,,,,False
B00BEK71Q6,,,,,False
B00BEQP450,,,,,False
B00BG3ELWS,,,,,False
B00BHLGZJ6,,,,,False
B00BK50QYY,,,,,False
B00BMZ74PG,,,,,False
B00BNFOR1Y,,,,,False
B00BOTU4JI,,,,,False
B00BS2ECK8,,,,,False
B00BS3J7F2,,,,,False
B00BTN2DSY,,,,,False
B00BYK0OE2,,,,,False
B00C2YRAQE,,,,,False
B00C4BA44K,,,,,False
B00C5R83E6,,,,,False
B00C74WXEI,,,,,False
B00C7COF6O,,,,,False
B00CC3QZ8E,,,,,False
B00CC6X8HC,,,,,False
B00CCRTFSC,,,,,False
B00CCVVKMW,,,,,False
B00CD36FKQ,,,,,False
B00CFOJU3C,,,,,False
B00CGTWC0O,,,,,False
B00CK51JT4,,,,,False
B00CKHW04A,,,,,False
B00CKURM1I,,,,,False
B00CO7GIDU,,,,,False
B00CO7GIFI,,,,,False
B00CQYAW3I,,,,,False
B00CQYAWAG,,,,,False
B00CRFHJAA,,,,,False
B00CSEHXQU,,,,,False
B00CWFAQJQ,,,,,False
B00CX5V74I,,,,,False
B00CYKHQW4,,,,,False
B00D048R6W,,,,,False
B00D5YWZFQ,,,,,False
B00DA7MHUQ,,,,,False
B00DDXKA1U,,,,,False
B00DE50M2E,,,,,False
B00DG8ZYA4,,,,,False
B00DGVFUJG,,,,,False
B00DJB6KE2,,,,,False
B00DJJJJLK,,,,,False
B00DK7EGCI,,,,,False
B00DNPQSPK,,,,,False
B00DRL96CC,,,,,False
B00DSDPTTI,,,,,False
B00DW7VI7M,,,,,False
B00DY8HARG,,,,,False
B00DY8HASK,,,,,False
B00DY8HASU,,,,,False
B00E2QS6SG,,,,,False
B00E3DWAQM,,,,,False
B00E7XUGM8,,,,,False
B00E9MCRLA,,,,,False
B00EA45DUO,,,,,False
B00EB323E8,,,,,False
B00EB9Z902,,,,,False
B00EBEFDXA,,,,,False
B00EBRUB5C,,,,,False
B00EC197UC,,,,,False
B00EGJ334Q,,,,,False
B00EGMV24G,,,,,False
B00EH9HUNA,,,,,False
B00EHMG34E,,,,,False
B00EPZUSYY,,,,,False
B00ERKTG40,,,,,False
B00EUBGT7I,,,,,False
B00EYJ2LGY,,,,,False
B00F007WI8,,,,,False
B00F31FRKO,,,,,False
B00F5DF9QC,,,,,False
B00FA2B9S0,,,,,False
B00FBK17PQ,,,,,False
B00FDX59UA,,,,,False
B00FG2LWWM,,,,,False
B00FGFY86G,,,,,False
B00FGFYIS4,,,,,False
B00FIL334Q,,,,,False
B00FIWMEU4,,,,,False
B00FK1ZRXY,,,,,False
B00FKAD59I,,,,,False
B00FKERXXS,,,,,False
B00FNUND4W,,,,,False
B00FO60CH6,,,,,False
B00FUTYLR4,,,,,False
B00FVIXS5K,,,,,False
B00FXYLC96,,,,,False
B00G0ZMWOG,,,,,False
B00G2BL50K,,,,,False
B00G6N3IA4,,,,,False
B00G8BHJB8,,,,,False
B00GBIYX8A,,,,,False
B00GCMGWMA,,,,,False
B00GEEB15Y,,,,,False
B00GF6BVXI,,,,,False
B00GKKU0OK,,,,,False
B00GKKU12G,,,,,False
B00GL6FUMU,,,,,False
B00GLSBYYG,,,,,False
B00GO6VI50,,,,,False
B00GP0SB8W,,,,,False
B00GQZ653E,,,,,False
B00GRIKMXO,,,,,False
B00GSWF888,,,,,False
B00GT0NLZQ,,,,,False
B00GVZZQ2A,,,,,False
B00GW9H8XA,,,,,False
B00H0P5F0I,,,,,False
B00H0V069M,,,,,False
B00H3I2172,,,,,False
B00H3LM7UA,,,,,False
B00H5XAQOU,,,,,False
B00H91O5YA,,,,,False
B00H95FQRG,,,,,False
B00H9JGL08,,,,,False
B00HBIZ4UA,,,,,False
B00HCMZZQ8,,,,,False
B00HDSGUQ0,,,,,False
B00HDZOTM0,,,,,False
B00HFUAODQ,,,,,False
B00HFXK4W4,,,,,False
B00HFYQ346,,,,,False
B00HG15RHM,,,,,False
B00HGI16I4,,,,,False
B00HH1JVCI,,,,,False
B00HKMUFU6,,,,,False
B00HLX9Z3C,,,,,False
B00HMP4JEO,,,,,False
B00HNWEA9K,,,,,False
B00HOIH342,,,,,False
B00HOKH5OS,,,,,False
B00HOSAE52,,,,,False
B00HOY8AN4,,,,,False
B00HP4L3S2,,,,,False
B00HTJJSSU,,,,,False
B00HTM7UDM,,,,,False
B00HUUAG4I,,,,,False
B00HXXE5Q2,,,,,False
B00HY03FJM,,,,,False
B00HYQJPC2,,,,,False
B00I19Y70Q,,,,,False
B00I2CPY4U,,,,,False
B00I2VUKKY,,,,,False
B00I48KN16,,,,,False
B00I7X5ML4,,,,,False
B00IA6QWP8,,,,,False
B00IA9TLBM,,,,,False
B00IBHSZ4M,,,,,False
B00IE4QU7Q,,,,,False
B00IGUOMGY,,,,,False
B00IGW2ZXY,,,,,False
B00IH8IDVA,,,,,False
B00II4IHQ4,,,,,False
B00IODNJRG,,,,,False
B00IP8459G,,,,,False
B00IPI546E,,,,,False
B00IPL4AR0,,,,,False
B00IVSF77Y,,,,,False
B00J0KYFSO,,,,,False
B00J1SP9FI,,,,,False
B00J3BRW6C,,,,,False
B00J44T4YQ,,,,,False
B00JAXSEFQ,,,,,False
B00JCJAK96,,,,,False
B00JD223TW,,,,,False
B00JDLFHRI,,,,,False
B00JDYC5OI,,,,,False
B00JFHKEOG,,,,,False
B00JGJB5E6,,,,,False
B00JIV2YA6,,,,,False
B00JIWJ78C,,,,,False
B00JJZLJRU,,,,,False
B00JOPR0ZK,,,,,False
B00JTJ2F2O,,,,,False
B00JU93M6Q,,,,,False
B00JXW6GFE,,,,,False
B00K2GAUC0,,,,,False
B00K31DCD8,,,,,False
B00K4IKBWK,,,,,False
B00K60M99E,,,,,False
B00K9QUXAC,,,,,False
B00K9V2OPE,,,,,False
B00K9ZLW3K,,,,,False
B00KA0AGJK,,,,,False
B00KANRBOK,,,,,False
B00KC8Q522,,,,,False
B00KCE1ISM,,,,,False
B00KF0URBM,,,,,False
B00KFUJX58,,,,,False
B00KGREQZW,,,,,False
B00KHHOUKW,,,,,False
B00KK1GLWA,,,,,False
B00KLBHX44,,,,,False
B00KLJCUIK,,,,,False
B00KLPW3K4,,,,,False
B00KOSOX2O,,,,,False
B00KPIPQJ2,,,,,False
B00KTI9R6Q,,,,,False
B00KUEGX16,,,,,False
B00KV13TKG,,,,,False
B00L1MSEZO,,,,,False
B00L9HIR4E,,,,,False
B00LD6IYUS,,,,,False
B00LD8K0KI,,,,,False
B00LDD8NDO,,,,,False
B00LLWDUDK,,,,,False
