asin,idx
0007442920,0
0062267159,1
0062267175,2
006226768X,3
0062267728,4
0062267744,5
0062267884,6
0062267906,7
0062273248,8
0062273264,9
0062273280,10
0062289357,11
0062292129,12
0062294776,13
0062294784,14
0062299018,15
0062299271,16
006229931X,17
006230240X,18
0062302418,19
0062302426,20
0062304828,21
0062317458,22
0062326201,23
0062333038,24
0062351893,25
014219672X,26
0143124544,27
0263899403,28
030758836X,29
0316404381,30
0345544110,31
0345545834,32
0345545869,33
0345546601,34
034554661X,35
0345546628,36
0345546679,37
0345803493,38
0345803507,39
0373210493,40
0373210639,41
037321099X,42
0373211104,43
0373778287,44
0373778295,45
0373778376,46
0425263908,47
0425263916,48
0425263924,49
0425265951,50
042526596X,51
0425266516,52
0425266745,53
0425266869,54
0425267040,55
0425267067,56
0425267083,57
0425267806,58
0425267814,59
0425267822,60
0425269841,61
042526985X,62
0425269868,63
0425272346,64
0425272354,65
0425274462,66
0451216954,67
0451218043,68
0451239350,69
0451417054,70
0451419707,71
0451419715,72
0451466225,73
0451466233,74
0451466659,75
0451466667,76
0451466683,77
0451467965,78
0451467973,79
0451468279,80
0451468287,81
0451469402,82
0451470672,83
0473240610,84
0578122596,85
0578124114,86
0578125439,87
0578129965,88
0578133512,89
0578141809,90
0615429505,91
0615581927,92
0615608868,93
0615680046,94
061568677X,95
0615694403,96
0615741932,97
0615748996,98
0615752179,99
0615757375,100
0615764037,101
061576567X,102
0615766412,103
061577041X,104
0615771106,105
0615774237,106
0615782140,107
0615785824,108
0615788084,109
0615789684,110
061579615X,111
0615796982,112
0615803830,113
0615803873,114
0615810756,115
0615822762,116
0615822886,117
0615822991,118
0615826814,119
0615827446,120
0615827500,121
0615827837,122
0615836968,123
061583860X,124
0615840841,125
0615845517,126
0615849601,127
0615857272,128
0615859763,129
0615860788,130
0615860826,131
0615861326,132
0615868401,133
0615885438,134
0615887767,135
061589285X,136
0615894666,137
0615900305,138
0615910521,139
0615911684,140
0615913970,141
0615928854,142
0615974171,143
0692208879,144
0692221506,145
0751552615,146
0778313530,147
0778315703,148
0778316173,149
0804176663,150
0804176787,151
0804176809,152
0804176825,153
0957496168,154
0957680368,155
0981943667,156
0983157200,157
0983212546,158
0983593167,159
0983706352,160
0984887873,161
098488789X,162
0985008628,163
0985008660,164
0985008687,165
0985059133,166
0985059141,167
098505915X,168
0985059168,169
0985059176,170
0985817003,171
0985817089,172
0985817097,173
0985872586,174
0987526111,175
0987526154,176
0988264269,177
0988273608,178
0988273632,179
0988273683,180
0988301318,181
0988348268,182
0988489112,183
0988489171,184
0988489198,185
0988695103,186
0988695111,187
098869512X,188
098870742X,189
0988707470,190
0988707489,191
0988715805,192
098871583X,193
0988715880,194
0988742942,195
0988771373,196
098877139X,197
0988812517,198
0988812541,199
0989041697,200
0989104400,201
0989104427,202
0989104478,203
0989108155,204
0989108171,205
0989108198,206
0989117375,207
0989138607,208
0989138631,209
0989210987,210
0989246515,211
0989246531,212
0989247910,213
0989247953,214
0989247988,215
0989269833,216
0989269868,217
0989281000,218
0989283410,219
0989339211,220
0989339246,221
0989339270,222
0989339289,223
0989353656,224
0989373819,225
0989373827,226
0989373843,227
0989416402,228
0989416410,229
0989416429,230
0989416496,231
0989450201,232
0989450236,233
0989450252,234
0989465004,235
0989492508,236
0989492559,237
0989527417,238
0989598403,239
0989668401,240
0989713482,241
0989740617,242
0989740633,243
0989768406,244
0989769704,245
0989780716,246
0989825086,247
0991105419,248
0991127390,249
0991192818,250
0991309618,251
0991309634,252
0991309650,253
0991309693,254
0991379616,255
0991379632,256
0991379659,257
0991401115,258
0991426711,259
0991426738,260
0991587200,261
0991686004,262
099173274X,263
0991732766,264
0991841131,265
0991841174,266
0992106818,267
0992142202,268
0992466512,269
0993702325,270
0996053018,271
1250050367,272
125005236X,273
1250058236,274
140220521X,275
1402244428,276
1402245777,277
1402245831,278
1402245866,279
1402271514,280
1402284853,281
1419953249,282
1419953656,283
1419970291,284
144235948X,285
1442485256,286
1442485280,287
1442488603,288
1442488638,289
1442488662,290
1442488697,291
1451533969,292
1452645493,293
1452662673,294
1452663874,295
1452664935,296
1453720693,297
1455548987,298
1455549002,299
1455550833,300
1455557714,301
1455574449,302
1455574856,303
1455574880,304
145557631X,305
1455576506,306
1455578312,307
1455578347,308
1455578363,309
1455582689,310
1455599050,311
1455599085,312
1455599182,313
1455599204,314
1455599220,315
1455599247,316
1455599255,317
1455599271,318
1456527738,319
1461085977,320
146109111X,321
1462003907,322
1463695403,323
1466276983,324
1467943207,325
1467980757,326
1468112422,327
1468161660,328
1468187953,329
1469252317,330
1469905833,331
1469982781,332
1469982994,333
1469984016,334
1470077892,335
1470124327,336
1471133524,337
1471133567,338
1472211243,339
147500544X,340
1475102542,341
1475156456,342
1475181221,343
1475244207,344
1476712980,345
1476717516,346
1476717524,347
1476718202,348
1476718970,349
1476725365,350
147672721X,351
1476727228,352
1476730091,353
1476730601,354
1476730946,355
1476731535,356
1476732027,357
1476735247,358
1476735271,359
1476735603,360
1476740496,361
1476741182,362
1476741255,363
147674355X,364
1476744084,365
1476744106,366
1476744130,367
1476744904,368
1476744920,369
1476746532,370
1476751404,371
1476751803,372
1476752192,373
1476753164,374
1476754144,375
1476755094,376
1476755108,377
1476755590,378
1476755604,379
1476756503,380
147675652X,381
1476756546,382
1476759006,383
1476759529,384
1476760772,385
1476761779,386
1476763526,387
1476763607,388
1476763623,389
1476764468,390
1476764603,391
147677594X,392
1476776016,393
1476776040,394
1476783284,395
1477473971,396
1477571086,397
1477661875,398
1477665412,399
1477694919,400
1477805028,401
1477805052,402
1477808663,403
1477808671,404
1477817158,405
1477817182,406
1477817484,407
1477817492,408
1477817506,409
1477847103,410
1478132744,411
1478314605,412
1479103780,413
1479145211,414
1479218685,415
1479245712,416
1479318868,417
1479327573,418
1479333573,419
1479359084,420
1479372749,421
147937296X,422
1479390046,423
1479398772,424
1480008907,425
1480055549,426
1480074616,427
148008591X,428
1480089133,429
1480096954,430
1480114065,431
1480114480,432
1480125717,433
1480132705,434
1480138320,435
1480141283,436
1480170623,437
1480186120,438
1480213985,439
1480225649,440
1480226300,441
148023365X,442
1480264024,443
1480276855,444
1480278807,445
1480297275,446
1480529699,447
1480536466,448
1480568503,449
1481004379,450
1481025988,451
1481042440,452
1481058134,453
1481060139,454
1481060953,455
1481100920,456
148111834X,457
1481152718,458
1481162527,459
148117567X,460
148120811X,461
1481212079,462
1481258885,463
1481268503,464
1481280767,465
1481406701,466
1481802119,467
1481802224,468
1481841009,469
1481866842,470
148188607X,471
148188669X,472
1481896857,473
1481901907,474
1481909282,475
1481931628,476
1481936603,477
1481948997,478
1481953214,479
1481955306,480
1481957597,481
1481960741,482
1481962116,483
1481968890,484
1481976303,485
1481984071,486
1481987712,487
1481988867,488
1481999842,489
1482012294,490
1482015560,491
1482016931,492
1482063557,493
1482084007,494
148230810X,495
148231312X,496
1482318687,497
1482319055,498
1482332574,499
1482333139,500
148234873X,501
1482524058,502
1482524759,503
1482529858,504
1482571145,505
1482594129,506
1482596709,507
148261376X,508
1482628961,509
1482632462,510
1482640058,511
1482652226,512
1482658143,513
148265864X,514
1482680858,515
1482687240,516
1482692163,517
1482718529,518
1482747634,519
1482767775,520
148276895X,521
1482772973,522
1482776472,523
1482791285,524
1482792621,525
1483901890,526
148390329X,527
1483912647,528
148391366X,529
1483918432,530
1483918777,531
1483920607,532
1483935906,533
1483940993,534
1483948978,535
1483966763,536
148398348X,537
148398527X,538
1483998819,539
1484013387,540
1484021959,541
148403726X,542
1484038487,543
1484043596,544
1484050371,545
1484053699,546
1484055268,547
1484068769,548
1484076168,549
1484085906,550
148410630X,551
1484109724,552
1484118782,553
1484120906,554
1484125460,555
1484131622,556
1484148037,557
1484185064,558
1484802039,559
1484807944,560
1484813642,561
1484816064,562
1484817095,563
148482606X,564
1484835263,565
1484842812,566
1484854152,567
148485828X,568
1484861280,569
1484865510,570
1484889029,571
1484890450,572
1484909917,573
1484920066,574
1484920147,575
1484924886,576
1484931963,577
1484966554,578
1484967836,579
1484968042,580
1484972090,581
1484988833,582
1484994566,583
148950995X,584
1489515607,585
1489515690,586
1489516948,587
1489519106,588
1489521534,589
1489528865,590
1489536213,591
148953993X,592
1489553207,593
1489554408,594
1489555293,595
148956621X,596
1489570799,597
1489578765,598
1489591095,599
1490310835,600
1490313281,601
149031802X,602
149032495X,603
149033274X,604
149033730X,605
1490339973,606
1490368574,607
1490381716,608
1490383395,609
1490392602,610
1490401822,611
149040399X,612
1490412727,613
1490417737,614
1490418547,615
149041925X,616
1490424601,617
1490425071,618
1490425497,619
149043013X,620
1490436529,621
1490439838,622
1490449647,623
1490471103,624
1490487190,625
1490490639,626
1490506853,627
1490515011,628
1490559175,629
1490560432,630
1490568530,631
1490572082,632
1490596801,633
1490906134,634
1490916636,635
1490922423,636
1490940499,637
1490943781,638
1490943846,639
1490946810,640
1490962050,641
149097136X,642
1490974377,643
1490984798,644
149099792X,645
1490997954,646
1491001011,647
1491002786,648
1491006919,649
1491008113,650
1491038357,651
1491039701,652
1491040300,653
1491052295,654
149105476X,655
1491068116,656
1491072032,657
1491090561,658
1491091673,659
1491092440,660
1491095555,661
1491208295,662
1491230592,663
1491232986,664
1491253002,665
1491263849,666
1491269650,667
1491272201,668
1491274204,669
1491276029,670
1491291419,671
1491291699,672
1491296518,673
1492103748,674
1492108421,675
1492110221,676
1492121169,677
149214889X,678
1492164429,679
1492186775,680
1492192112,681
1492206083,682
1492254398,683
1492259667,684
1492265225,685
1492286966,686
1492293296,687
1492301205,688
1492305413,689
1492306509,690
1492323039,691
1492338141,692
1492343846,693
1492350915,694
1492351024,695
1492353558,696
149236522X,697
1492371289,698
1492375675,699
1492706671,700
1492707619,701
149271397X,702
1492740357,703
1492760994,704
1492764167,705
1492767891,706
1492769339,707
1492784184,708
1492784370,709
1492787701,710
1492788678,711
1492793639,712
1492805831,713
149280584X,714
1492809438,715
1492812080,716
1492827436,717
1492828211,718
1492884685,719
1492886181,720
1492888095,721
1492893900,722
1492904260,723
1492908495,724
1492940003,725
1492955949,726
1492973327,727
1492976423,728
149298079X,729
1492998214,730
1493511459,731
1493530682,732
1493539493,733
149353985X,734
1493584154,735
1493625489,736
1493626655,737
1493632639,738
1493632876,739
1493643274,740
1493649779,741
1493659472,742
1493671898,743
1493673580,744
1493752650,745
1493763121,746
1493768824,747
1493773445,748
1493788868,749
1494204339,750
149421590X,751
1494226405,752
149423355X,753
1494244381,754
1494282011,755
1494286084,756
1494289105,757
149429169X,758
1494297523,759
1494374560,760
1494376644,761
1494407752,762
1494443252,763
149446747X,764
1494469170,765
1494482320,766
1494488558,767
1494714361,768
1494722631,769
1494724693,770
149473592X,771
1494751534,772
1494755610,773
1494774305,774
1494783827,775
1494794357,776
1494807017,777
149484172X,778
1494851636,779
1494852039,780
1494875713,781
1494931451,782
1494937115,783
1494957612,784
1494962772,785
149499738X,786
1495200388,787
1495269655,788
1495281078,789
1495300978,790
1495307352,791
1495327515,792
1495340600,793
1495356744,794
1495373959,795
149539090X,796
1495416046,797
149542118X,798
1495423786,799
1495459225,800
1495472418,801
1495480534,802
1495498530,803
1495912183,804
1495925927,805
1495927857,806
149594123X,807
1495960234,808
1495960390,809
1495979237,810
149600082X,811
149600938X,812
1496010299,813
1496015703,814
1496026063,815
1496088018,816
149610692X,817
1496109686,818
1496116151,819
1496129628,820
1496135393,821
1496145437,822
1496146239,823
1496177029,824
149617707X,825
1497382742,826
1497383730,827
1497394333,828
1497435900,829
149744814X,830
1497454999,831
1497455049,832
149745901X,833
1497497132,834
1497572207,835
1497572320,836
1497585368,837
1499108826,838
1499113129,839
1499142978,840
1499190433,841
1499195303,842
1499198825,843
1499290942,844
1499291019,845
1499324855,846
149934306X,847
1499382642,848
149958492X,849
1499646704,850
1499679106,851
1499707975,852
1499752822,853
1499764529,854
149979178X,855
1500167886,856
1500196169,857
1500260290,858
1500417483,859
1605045535,860
1609280806,861
1612186009,862
1617980218,863
1619215020,864
1620151731,865
1620610078,866
1620610094,867
1620610116,868
1620612461,869
1620612917,870
1620612925,871
1622660005,872
1622660757,873
1622668030,874
1623420687,875
1623420768,876
162878007X,877
1628780096,878
1630350044,879
1630350060,880
1630350087,881
1630350095,882
1630350125,883
1630350168,884
1630350184,885
1630350192,886
1630350222,887
1630350273,888
1631420038,889
1633500004,890
1936305062,891
1936305380,892
1936305941,893
1936413213,894
1936413272,895
1936413310,896
1936413353,897
1937698971,898
193815018X,899
1938404009,900
1938404017,901
1938404270,902
1938404610,903
1938404726,904
1938623428,905
1938623452,906
1938623495,907
1938623533,908
1938623541,909
1938623614,910
1938701062,911
193885733X,912
1939276136,913
1939392756,914
1939455073,915
1939786002,916
1939786053,917
193978607X,918
1939786096,919
1939786118,920
1939786134,921
1939786150,922
1939786177,923
1939786193,924
1939786215,925
1939927196,926
1939962315,927
1939962323,928
1940448018,929
1940652073,930
1940745322,931
1940832004,932
1940832977,933
1940883121,934
1940883148,935
1940883172,936
1940941423,937
1941098010,938
1941098037,939
1941098053,940
1941098096,941
1941098126,942
1941450008,943
B004S81POK,944
B004Z1GHG6,945
B005AU8KM0,946
B005IMCYVI,947
B005IYEWHA,948
B005YKC770,949
B006R6JVH4,950
B006XRM3PY,951
B007KYH3P4,952
B008AXX9CK,953
B008ETBJ5E,954
B008O0QUU2,955
B008P4LJG2,956
B009CE4TG6,957
B009FHSYSY,958
B009TU9M06,959
B009YLRDQK,960
B00A6NG154,961
B00AIBQ6P4,962
B00AIF3QD0,963
B00AKH5X4G,964
B00AMUZS3W,965
B00AND5YIM,966
B00APSWJM4,967
B00AQU7FTS,968
B00AYIDVLS,969
B00B3KPBSW,970
B00B4Y2UHW,971
B00B5XDXPA,972
B00B6LRUOG,973
B00B73H3K4,974
B00BANV988,975
B00BD2PT8M,976
B00BEK71Q6,977
B00BEQP450,978
B00BG3ELWS,979
B00BHLGZJ6,980
B00BK50QYY,981
B00BMZ74PG,982
B00BNFOR1Y,983
B00BOTU4JI,984
B00BS2ECK8,985
B00BS3J7F2,986
B00BTN2DSY,987
B00BYK0OE2,988
B00C2YRAQE,989
B00C4BA44K,990
B00C5R83E6,991
B00C74WXEI,992
B00C7COF6O,993
B00CC3QZ8E,994
B00CC6X8HC,995
B00CCRTFSC,996
B00CCVVKMW,997
B00CD36FKQ,998
B00CFOJU3C,999
B00CGTWC0O,1000
B00CK51JT4,1001
B00CKHW04A,1002
B00CKURM1I,1003
B00CO7GIDU,1004
B00CO7GIFI,1005
B00CQYAW3I,1006
B00CQYAWAG,1007
B00CRFHJAA,1008
B00CSEHXQU,1009
B00CWFAQJQ,1010
B00CX5V74I,1011
B00CYKHQW4,1012
B00D048R6W,1013
B00D5YWZFQ,1014
B00DA7MHUQ,1015
B00DDXKA1U,1016
B00DE50M2E,1017
B00DG8ZYA4,1018
B00DGVFUJG,1019
B00DJB6KE2,1020
B00DJJJJLK,1021
B00DK7EGCI,1022
B00DNPQSPK,1023
B00DRL96CC,1024
B00DSDPTTI,1025
B00DW7VI7M,1026
B00DY8HARG,1027
B00DY8HASK,1028
B00DY8HASU,1029
B00E2QS6SG,1030
B00E3DWAQM,1031
B00E7XUGM8,1032
B00E9MCRLA,1033
B00EA45DUO,1034
B00EB323E8,1035
B00EB9Z902,1036
B00EBEFDXA,1037
B00EBRUB5C,1038
B00EC197UC,1039
B00EGJ334Q,1040
B00EGMV24G,1041
B00EH9HUNA,1042
B00EHMG34E,1043
B00EPZUSYY,1044
B00ERKTG40,1045
B00EUBGT7I,1046
B00EYJ2LGY,1047
B00F007WI8,1048
B00F31FRKO,1049
B00F5DF9QC,1050
B00FA2B9S0,1051
B00FBK17PQ,1052
B00FDX59UA,1053
B00FG2LWWM,1054
B00FGFY86G,1055
B00FGFYIS4,1056
B00FIL334Q,1057
B00FIWMEU4,1058
B00FK1ZRXY,1059
B00FKAD59I,1060
B00FKERXXS,1061
B00FNUND4W,1062
B00FO60CH6,1063
B00FUTYLR4,1064
B00FVIXS5K,1065
B00FXYLC96,1066
B00G0ZMWOG,1067
B00G2BL50K,1068
B00G6N3IA4,1069
B00G8BHJB8,1070
B00GBIYX8A,1071
B00GCMGWMA,1072
B00GEEB15Y,1073
B00GF6BVXI,1074
B00GKKU0OK,1075
B00GKKU12G,1076
B00GL6FUMU,1077
B00GLSBYYG,1078
B00GO6VI50,1079
B00GP0SB8W,1080
B00GQZ653E,1081
B00GRIKMXO,1082
B00GSWF888,1083
B00GT0NLZQ,1084
B00GVZZQ2A,1085
B00GW9H8XA,1086
B00H0P5F0I,1087
B00H0V069M,1088
B00H3I2172,1089
B00H3LM7UA,1090
B00H5XAQOU,1091
B00H91O5YA,1092
B00H95FQRG,1093
B00H9JGL08,1094
B00HBIZ4UA,1095
B00HCMZZQ8,1096
B00HDSGUQ0,1097
B00HDZOTM0,1098
B00HFUAODQ,1099
B00HFXK4W4,1100
B00HFYQ346,1101
B00HG15RHM,1102
B00HGI16I4,1103
B00HH1JVCI,1104
B00HKMUFU6,1105
B00HLX9Z3C,1106
B00HMP4JEO,1107
B00HNWEA9K,1108
B00HOIH342,1109
B00HOKH5OS,1110
B00HOSAE52,1111
B00HOY8AN4,1112
B00HP4L3S2,1113
B00HTJJSSU,1114
B00HTM7UDM,1115
B00HUUAG4I,1116
B00HXXE5Q2,1117
B00HY03FJM,1118
B00HYQJPC2,1119
B00I19Y70Q,1120
B00I2CPY4U,1121
B00I2VUKKY,1122
B00I48KN16,1123
B00I7X5ML4,1124
B00IA6QWP8,1125
B00IA9TLBM,1126
B00IBHSZ4M,1127
B00IE4QU7Q,1128
B00IGUOMGY,1129
B00IGW2ZXY,1130
B00IH8IDVA,1131
B00II4IHQ4,1132
B00IODNJRG,1133
B00IP8459G,1134
B00IPI546E,1135
B00IPL4AR0,1136
B00IVSF77Y,1137
B00J0KYFSO,1138
B00J1SP9FI,1139
B00J3BRW6C,1140
B00J44T4YQ,1141
B00JAXSEFQ,1142
B00JCJAK96,1143
B00JD223TW,1144
B00JDLFHRI,1145
B00JDYC5OI,1146
B00JFHKEOG,1147
B00JGJB5E6,1148
B00JIV2YA6,1149
B00JIWJ78C,1150
B00JJZLJRU,1151
B00JOPR0ZK,1152
B00JTJ2F2O,1153
B00JU93M6Q,1154
B00JXW6GFE,1155
B00K2GAUC0,1156
B00K31DCD8,1157
B00K4IKBWK,1158
B00K60M99E,1159
B00K9QUXAC,1160
B00K9V2OPE,1161
B00K9ZLW3K,1162
B00KA0AGJK,1163
B00KANRBOK,1164
B00KC8Q522,1165
B00KCE1ISM,1166
B00KF0URBM,1167
B00KFUJX58,1168
B00KGREQZW,1169
B00KHHOUKW,1170
B00KK1GLWA,1171
B00KLBHX44,1172
B00KLJCUIK,1173
B00KLPW3K4,1174
B00KOSOX2O,1175
B00KPIPQJ2,1176
B00KTI9R6Q,1177
B00KUEGX16,1178
B00KV13TKG,1179
B00L1MSEZO,1180
B00L9HIR4E,1181
B00LD6IYUS,1182
B00LD8K0KI,1183
B00LDD8NDO,1184
B00LLWDUDK,1185
